$MeshFormat
4.1 0 8
$EndMeshFormat
$PhysicalNames
4
1 18 "LeftEdge"
1 19 "RightEdge"
1 20 "LoadEdge"
2 21 "Domain"
$EndPhysicalNames
$Entities
18 16 1 0
1 0 0 0 0 
2 16 0 0 0 
3 223 0 0 0 
4 223 50 0 0 
5 227 0 0 0 
6 416 0 0 0 
7 450 0 0 0 
8 450 50 0 0 
9 450 75 0 0 
10 450 100 0 0 
11 228.75 100 0 0 
12 221.25 100 0 0 
13 0 100 0 0 
14 0 75 0 0 
15 0 50 0 0 
16 227 50 0 0 
17 34 0 0 0 
18 434 0 0 0 
1 0 0 0 16 0 0 1 18 2 1 -2 
2 16 0 0 223 0 0 0 2 2 -3 
3 223 0 0 223 50 0 0 2 3 -4 
4 227 0 0 227 50 0 0 2 16 -5 
5 227 0 0 416 0 0 0 2 5 -6 
6 416 0 0 450 0 0 1 19 2 6 -7 
7 450 0 0 450 50 0 0 2 7 -8 
8 450 50 0 450 75 0 0 2 8 -9 
9 450 75 0 450 100 0 0 2 9 -10 
10 228.75 100 0 450 100 0 0 2 10 -11 
11 221.25 100 0 228.75 100 0 1 20 2 11 -12 
12 0 100 0 221.25 100 0 0 2 12 -13 
13 0 75 0 0 100 0 0 2 13 -14 
14 0 50 0 0 75 0 0 2 14 -15 
15 0 0 0 0 50 0 0 2 15 -1 
16 223 50 0 227 50 0 0 2 4 -16 
1 0 0 0 450 100 0 1 21 16 15 1 2 3 16 4 5 6 7 8 9 10 11 12 13 14 
$EndEntities
$Nodes
33 1604 1 1604
0 1 0 1
1
0 0 0
0 2 0 1
2
16 0 0
0 3 0 1
3
223 0 0
0 4 0 1
4
223 50 0
0 5 0 1
5
227 0 0
0 6 0 1
6
416 0 0
0 7 0 1
7
450 0 0
0 8 0 1
8
450 50 0
0 9 0 1
9
450 75 0
0 10 0 1
10
450 100 0
0 11 0 1
11
228.75 100 0
0 12 0 1
12
221.25 100 0
0 13 0 1
13
0 100 0
0 14 0 1
14
0 75 0
0 15 0 1
15
0 50 0
0 16 0 1
16
227 50 0
1 1 0 2
17
18
5.333333333320025 0 0
10.66666666665261 0 0
1 2 0 23
19
20
21
22
23
24
25
26
27
28
29
30
31
32
33
34
35
36
37
38
39
40
41
22.06556310687768 0 0
28.30886195545302 0 0
34.73510179098265 0 0
41.34964530420825 0 0
48.1580094190176 0 0
55.16587284967661 0 0
62.37908448983679 0 0
69.80365849411528 0 0
77.44578845606452 0 0
85.31185104506078 0 0
93.40840604458799 0 0
101.7422085761396 0 0
110.3202099911281 0 0
119.1495653788064 0 0
128.237641490964 0 0
137.5920180849094 0 0
147.2205019738233 0 0
157.131119266185 0 0
167.3321389957535 0 0
177.8320708984049 0 0
188.6396745854065 0 0
199.7639667673209 0 0
211.2142266920272 0 0
1 3 0 13
42
43
44
45
46
47
48
49
50
51
52
53
54
223 11.51691152436629 0
223 20.75821486539877 0
223 27.40117041649195 0
223 32.17751721864813 0
223 35.61089812242776 0
223 38.07907857208735 0
223 39.85339832792234 0
223 41.30496679744974 0
223 42.75413899787478 0
223 44.20331119829983 0
223 45.65248339872487 0
223 47.10165559914991 0
223 48.55082779957496 0
1 4 0 13
55
56
57
58
59
60
61
62
63
64
65
66
67
227 48.55082779958593 0
227 47.10165559917187 0
227 45.6524833987578 0
227 44.20331119834373 0
227 42.75413899792967 0
227 41.3049667975156 0
227 39.85339832800172 0
227 38.07907857220847 0
227 35.61089812260147 0
227 32.17751721888772 0
227 27.40117041674502 0
227 20.75821486565614 0
227 11.51691152454791 0
1 5 0 21
68
69
70
71
72
73
74
75
76
77
78
79
80
81
82
83
84
85
86
87
88
238.7238684092167 0 0
250.0841142994395 0 0
261.092015561453 0 0
271.7585054884309 0 0
282.0941657334499 0 0
292.1092566287956 0 0
301.8137278232788 0 0
311.2172089181961 0 0
320.3290393089434 0 0
329.1582596960038 0 0
337.7136355982077 0 0
346.0036635847478 0 0
354.0365709226841 0 0
361.8203335557865 0 0
369.3626785859992 0 0
376.6710939366733 0 0
383.7528355191182 0 0
390.6149326856294 0 0
397.264198732736 0 0
403.7072328218688 0 0
409.9504346170085 0 0
1 6 0 5
89
90
91
92
93
421.6666666666667 0 0
427.3333333333333 0 0
433 0 0
438.6666666666667 0 0
444.3333333333333 0 0
1 7 0 5
94
95
96
97
98
450 6.123103169957866 0
450 12.9960533771502 0
450 20.71067885389565 0
450 29.37005246121149 0
450 39.08987208580891 0
1 8 0 2
99
100
450 58.33333333322878 0
450 66.66666666653435 0
1 9 0 2
101
102
450 83.33333333333331 0
450 91.66666666666666 0
1 10 0 29
103
104
105
106
107
108
109
110
111
112
113
114
115
116
117
118
119
120
121
122
123
124
125
126
127
128
129
130
131
438.3916587278763 100 0
427.0878399051683 100 0
416.0805618000758 100 0
405.3620463045947 100 0
394.9247137296118 100 0
384.7611885445147 100 0
374.8642918060518 100 0
365.2270204616116 100 0
355.8425712717598 100 0
346.7043103833998 100 0
337.805777365602 100 0
329.140686043972 100 0
320.7029098067284 100 0
312.4864862629118 100 0
304.4856084807877 100 0
296.6946226839799 100 0
289.1080225276552 100 0
281.7204451590613 100 0
274.5266703148961 100 0
267.5216131828481 100 0
260.7003244051349 100 0
254.0579818054186 100 0
247.5898909411306 100 0
242.0496075986804 100 0
238.082361089846 100 0
235.2441229317374 100 0
233.2136394682752 100 0
231.6908313110524 100 0
230.2204156555262 100 0
1 11 0 4
132
133
134
135
227.25 100 0
225.75 100 0
224.25 100 0
222.75 100 0
1 12 0 29
136
137
138
139
140
141
142
143
144
145
146
147
148
149
150
151
152
153
154
155
156
157
158
159
160
161
162
163
164
219.7795843444891 100 0
218.3091686889781 100 0
216.7863605317773 100 0
214.7558770683524 100 0
211.9176389102936 100 0
207.9503924015263 100 0
202.410109059098 100 0
195.9420181947999 100 0
189.2996755951285 100 0
182.4783868174058 100 0
175.4733296853472 100 0
168.2795548411703 100 0
160.891977472564 100 0
153.3053773162259 100 0
145.5143915194041 100 0
137.513513737265 100 0
129.2970901934324 100 0
120.8593139562183 100 0
112.1942226346278 100 0
103.295689616824 100 0
94.15742872844716 100 0
84.7729795385776 100 0
75.13570819411819 100 0
65.23881145563504 100 0
55.0752862705161 100 0
44.6379536955103 100 0
33.91943820000512 100 0
22.9121600948871 100 0
11.60834127215222 100 0
1 13 0 2
165
166
0 91.66666666666669 0
0 83.33333333333334 0
1 14 0 2
167
168
0 66.66666666662042 0
0 58.33333333337961 0
1 15 0 5
169
170
171
172
173
0 39.08987208595788 0
0 29.37005246144017 0
0 20.71067885410158 0
0 12.99605337729092 0
0 6.123103170016037 0
1 16 0 2
174
175
224.3333333333333 50 0
225.6666666666667 50 0
2 1 0 1429
176
177
178
179
180
181
182
183
184
185
186
187
188
189
190
191
192
193
194
195
196
197
198
199
200
201
202
203
204
205
206
207
208
209
210
211
212
213
214
215
216
217
218
219
220
221
222
223
224
225
226
227
228
229
230
231
232
233
234
235
236
237
238
239
240
241
242
243
244
245
246
247
248
249
250
251
252
253
254
255
256
257
258
259
260
261
262
263
264
265
266
267
268
269
270
271
272
273
274
275
276
277
278
279
280
281
282
283
284
285
286
287
288
289
290
291
292
293
294
295
296
297
298
299
300
301
302
303
304
305
306
307
308
309
310
311
312
313
314
315
316
317
318
319
320
321
322
323
324
325
326
327
328
329
330
331
332
333
334
335
336
337
338
339
340
341
342
343
344
345
346
347
348
349
350
351
352
353
354
355
356
357
358
359
360
361
362
363
364
365
366
367
368
369
370
371
372
373
374
375
376
377
378
379
380
381
382
383
384
385
386
387
388
389
390
391
392
393
394
395
396
397
398
399
400
401
402
403
404
405
406
407
408
409
410
411
412
413
414
415
416
417
418
419
420
421
422
423
424
425
426
427
428
429
430
431
432
433
434
435
436
437
438
439
440
441
442
443
444
445
446
447
448
449
450
451
452
453
454
455
456
457
458
459
460
461
462
463
464
465
466
467
468
469
470
471
472
473
474
475
476
477
478
479
480
481
482
483
484
485
486
487
488
489
490
491
492
493
494
495
496
497
498
499
500
501
502
503
504
505
506
507
508
509
510
511
512
513
514
515
516
517
518
519
520
521
522
523
524
525
526
527
528
529
530
531
532
533
534
535
536
537
538
539
540
541
542
543
544
545
546
547
548
549
550
551
552
553
554
555
556
557
558
559
560
561
562
563
564
565
566
567
568
569
570
571
572
573
574
575
576
577
578
579
580
581
582
583
584
585
586
587
588
589
590
591
592
593
594
595
596
597
598
599
600
601
602
603
604
605
606
607
608
609
610
611
612
613
614
615
616
617
618
619
620
621
622
623
624
625
626
627
628
629
630
631
632
633
634
635
636
637
638
639
640
641
642
643
644
645
646
647
648
649
650
651
652
653
654
655
656
657
658
659
660
661
662
663
664
665
666
667
668
669
670
671
672
673
674
675
676
677
678
679
680
681
682
683
684
685
686
687
688
689
690
691
692
693
694
695
696
697
698
699
700
701
702
703
704
705
706
707
708
709
710
711
712
713
714
715
716
717
718
719
720
721
722
723
724
725
726
727
728
729
730
731
732
733
734
735
736
737
738
739
740
741
742
743
744
745
746
747
748
749
750
751
752
753
754
755
756
757
758
759
760
761
762
763
764
765
766
767
768
769
770
771
772
773
774
775
776
777
778
779
780
781
782
783
784
785
786
787
788
789
790
791
792
793
794
795
796
797
798
799
800
801
802
803
804
805
806
807
808
809
810
811
812
813
814
815
816
817
818
819
820
821
822
823
824
825
826
827
828
829
830
831
832
833
834
835
836
837
838
839
840
841
842
843
844
845
846
847
848
849
850
851
852
853
854
855
856
857
858
859
860
861
862
863
864
865
866
867
868
869
870
871
872
873
874
875
876
877
878
879
880
881
882
883
884
885
886
887
888
889
890
891
892
893
894
895
896
897
898
899
900
901
902
903
904
905
906
907
908
909
910
911
912
913
914
915
916
917
918
919
920
921
922
923
924
925
926
927
928
929
930
931
932
933
934
935
936
937
938
939
940
941
942
943
944
945
946
947
948
949
950
951
952
953
954
955
956
957
958
959
960
961
962
963
964
965
966
967
968
969
970
971
972
973
974
975
976
977
978
979
980
981
982
983
984
985
986
987
988
989
990
991
992
993
994
995
996
997
998
999
1000
1001
1002
1003
1004
1005
1006
1007
1008
1009
1010
1011
1012
1013
1014
1015
1016
1017
1018
1019
1020
1021
1022
1023
1024
1025
1026
1027
1028
1029
1030
1031
1032
1033
1034
1035
1036
1037
1038
1039
1040
1041
1042
1043
1044
1045
1046
1047
1048
1049
1050
1051
1052
1053
1054
1055
1056
1057
1058
1059
1060
1061
1062
1063
1064
1065
1066
1067
1068
1069
1070
1071
1072
1073
1074
1075
1076
1077
1078
1079
1080
1081
1082
1083
1084
1085
1086
1087
1088
1089
1090
1091
1092
1093
1094
1095
1096
1097
1098
1099
1100
1101
1102
1103
1104
1105
1106
1107
1108
1109
1110
1111
1112
1113
1114
1115
1116
1117
1118
1119
1120
1121
1122
1123
1124
1125
1126
1127
1128
1129
1130
1131
1132
1133
1134
1135
1136
1137
1138
1139
1140
1141
1142
1143
1144
1145
1146
1147
1148
1149
1150
1151
1152
1153
1154
1155
1156
1157
1158
1159
1160
1161
1162
1163
1164
1165
1166
1167
1168
1169
1170
1171
1172
1173
1174
1175
1176
1177
1178
1179
1180
1181
1182
1183
1184
1185
1186
1187
1188
1189
1190
1191
1192
1193
1194
1195
1196
1197
1198
1199
1200
1201
1202
1203
1204
1205
1206
1207
1208
1209
1210
1211
1212
1213
1214
1215
1216
1217
1218
1219
1220
1221
1222
1223
1224
1225
1226
1227
1228
1229
1230
1231
1232
1233
1234
1235
1236
1237
1238
1239
1240
1241
1242
1243
1244
1245
1246
1247
1248
1249
1250
1251
1252
1253
1254
1255
1256
1257
1258
1259
1260
1261
1262
1263
1264
1265
1266
1267
1268
1269
1270
1271
1272
1273
1274
1275
1276
1277
1278
1279
1280
1281
1282
1283
1284
1285
1286
1287
1288
1289
1290
1291
1292
1293
1294
1295
1296
1297
1298
1299
1300
1301
1302
1303
1304
1305
1306
1307
1308
1309
1310
1311
1312
1313
1314
1315
1316
1317
1318
1319
1320
1321
1322
1323
1324
1325
1326
1327
1328
1329
1330
1331
1332
1333
1334
1335
1336
1337
1338
1339
1340
1341
1342
1343
1344
1345
1346
1347
1348
1349
1350
1351
1352
1353
1354
1355
1356
1357
1358
1359
1360
1361
1362
1363
1364
1365
1366
1367
1368
1369
1370
1371
1372
1373
1374
1375
1376
1377
1378
1379
1380
1381
1382
1383
1384
1385
1386
1387
1388
1389
1390
1391
1392
1393
1394
1395
1396
1397
1398
1399
1400
1401
1402
1403
1404
1405
1406
1407
1408
1409
1410
1411
1412
1413
1414
1415
1416
1417
1418
1419
1420
1421
1422
1423
1424
1425
1426
1427
1428
1429
1430
1431
1432
1433
1434
1435
1436
1437
1438
1439
1440
1441
1442
1443
1444
1445
1446
1447
1448
1449
1450
1451
1452
1453
1454
1455
1456
1457
1458
1459
1460
1461
1462
1463
1464
1465
1466
1467
1468
1469
1470
1471
1472
1473
1474
1475
1476
1477
1478
1479
1480
1481
1482
1483
1484
1485
1486
1487
1488
1489
1490
1491
1492
1493
1494
1495
1496
1497
1498
1499
1500
1501
1502
1503
1504
1505
1506
1507
1508
1509
1510
1511
1512
1513
1514
1515
1516
1517
1518
1519
1520
1521
1522
1523
1524
1525
1526
1527
1528
1529
1530
1531
1532
1533
1534
1535
1536
1537
1538
1539
1540
1541
1542
1543
1544
1545
1546
1547
1548
1549
1550
1551
1552
1553
1554
1555
1556
1557
1558
1559
1560
1561
1562
1563
1564
1565
1566
1567
1568
1569
1570
1571
1572
1573
1574
1575
1576
1577
1578
1579
1580
1581
1582
1583
1584
1585
1586
1587
1588
1589
1590
1591
1592
1593
1594
1595
1596
1597
1598
1599
1600
1601
1602
1603
1604
225.0856369518438 51.08878567970322 0
219.0443765167336 98.72658268820518 0
230.9822022029066 98.63517225128115 0
228.2360282393956 49.24704123534346 0
228.2864720237627 40.5475412449269 0
221.7639717606012 49.24704123533706 0
221.735804263269 40.54151084012486 0
209.8499531747915 97.09150817668404 0
240.1687651067548 97.65057184300248 0
224.9940639484248 98.70844274056147 0
278.0516027336075 93.96303952141474 0
171.8764422632588 93.85172540225662 0
400.8605692358683 5.187026583334943 0
220.3319761732208 33.71908128223428 0
229.5021465531723 34.05613969479673 0
257.293381694837 95.05015198111188 0
193.1423488164416 94.72554837134024 0
51.67558614782456 6.086334299275981 0
373.0168862613364 6.231120734262904 0
81.76102177753707 7.510161702233714 0
307.5606266852297 93.16735708022327 0
333.8931880458042 7.971835856272453 0
141.1986556390069 93.69264711605322 0
115.7213020135902 7.859982497008087 0
360.257968075292 91.51126495780355 0
332.3804544352799 92.55667129490384 0
221.8274773165518 44.84723175619939 0
228.247940571825 44.8532833230372 0
389.2645091744944 91.4222937716666 0
116.608568131322 92.98378301145716 0
90.40973296561245 92.35768033076141 0
286.7488694322711 7.721045723882582 0
162.7402353724131 8.489060818644491 0
59.66355513917131 91.42451835286074 0
442.4701817420887 45.77326631669448 0
7.16176594793139 44.79687732761205 0
418.4264184689233 5.632094765136196 0
31.51353953619638 5.219041994318562 0
231.5622969323492 23.43348926342978 0
218.2110718467602 24.19084241559153 0
7.97529826808368 70.85541295946328 0
441.7071053129597 72.02553781599514 0
443.2882194778825 25.03220808153065 0
7.426227078689745 25.5728769720813 0
266.8486125151288 9.952321573945241 0
182.6975245020203 9.588922210459538 0
411.174739412463 89.73808830148558 0
292.9013226058177 93.51599093132127 0
39.43507935370326 90.07273922033316 0
157.6299807097951 93.75402520220321 0
314.8791889656853 7.217208222863982 0
134.4789243298075 8.392269240860296 0
234.1090182567667 98.45258018927743 0
215.8868133868747 98.47099159257604 0
357.9424536776265 6.374329832379742 0
98.1577510477363 6.929352404731709 0
66.04841823137478 6.212086338719478 0
387.1763077210891 5.614184586974631 0
222.001852035799 98.72335386911678 0
227.9934833759858 98.69666865662732 0
430.8262329581975 4.547153743828135 0
19.22483720774833 4.898724476147273 0
243.7439231923482 10.02986711583521 0
204.4985279810001 9.437242610493991 0
434.1398865897844 90.96818273744464 0
16.26434547569816 91.04582340633108 0
4.899092113489356 8.98601224242978 0
444.3277378415484 9.662560209975691 0
228.821832164849 36.84039271302976 0
231.4786044308167 36.42823692073794 0
232.5396009774354 33.07279751188296 0
234.6864138739485 35.45588151127029 0
233.6692817168669 39.03534096933263 0
236.9594900897851 38.29147728299878 0
238.2076514742868 34.56678126953896 0
240.6455183197361 37.53853254336133 0
239.1935855549242 41.36560059071472 0
243.2509693938904 40.83270617820904 0
241.5287253590757 44.75382472427607 0
245.7971077472965 44.31891655031713 0
244.0261042144722 48.3508484509033 0
228.2398765544067 50.71695478899385 0
248.5619592011341 48.02271084508155 0
246.6443619591831 52.22428918074958 0
251.4099822095764 51.86622625993845 0
249.3496162121563 56.2831462548882 0
254.4122281023122 55.98683861040522 0
256.537806599868 51.24359731862266 0
259.8273731388211 55.63494287138601 0
262.1660355541499 50.19387515489579 0
265.801243833859 55.24727500266783 0
247.9625915406649 39.97510644389029 0
268.3727262321 49.30705556505953 0
272.310999656732 54.78459633192717 0
244.3453129680865 56.56504544646609 0
247.1545203495085 60.43568879956133 0
242.7654774894768 60.94198612374316 0
245.1750715595011 64.42735580233627 0
241.1030427200327 64.67002628250778 0
243.3008587446892 67.99876866662244 0
239.0250988162254 68.02459978069429 0
247.2173584328659 68.16450362371306 0
241.4610710280181 71.35371790560475 0
237.9043068472633 71.57642844528525 0
235.7800471612065 68.99021695704943 0
234.0872956077166 71.79088534983752 0
233.1666089627269 69.38741596983198 0
231.7513464218131 71.8312193552339 0
230.9763921696545 69.97162733226783 0
233.2537514349587 74.09069744476429 0
231.1938220072429 73.97608627885889 0
275.0578279592057 48.30648761800783 0
279.2380875539994 54.23484101446296 0
282.0595066939447 47.70719978720511 0
286.4319835457731 53.62986443565485 0
289.535943371069 47.20845294048689 0
294.061884851592 53.02426775932263 0
239.9383532540724 74.6232291035392 0
297.3290859640272 46.2903014611332 0
301.9360614783737 52.27867642473127 0
305.2293590953548 45.03598927297364 0
309.9611511560212 51.46181562338896 0
313.3642137386922 44.55019053548448 0
318.1226325715718 50.72064535515986 0
321.5741142015806 43.7390674782877 0
326.3719001044706 49.93678524417289 0
329.8058991556622 42.43710823167905 0
334.6677456441022 49.0603885374167 0
338.1535299788505 41.89227129899448 0
342.9952678790346 48.27985644713608 0
269.157324995405 60.38644643422049 0
239.0694448069998 61.42636350702382 0
229.5185387161529 49.95482211162644 0
229.5207242846112 51.45124798336741 0
346.4922060595983 41.12204329091681 0
351.3326447986272 47.5281359646541 0
354.8498671015383 39.96455376133647 0
359.6611572756166 46.64351259633435 0
363.177032404509 39.09713718764672 0
367.9677773289555 45.83114505387243 0
371.3438612446591 38.25786166831941 0
376.2243303954191 44.98589012569338 0
372.8132486573625 52.67221841457209 0
381.2067743835796 51.80413570127286 0
384.6605243575906 44.10605515796406 0
389.5865909019493 50.88002897281997 0
393.064092441493 43.30565417177787 0
397.8821527433738 49.98553883522253 0
401.2573720959365 42.44903030417295 0
406.2150632441624 49.08280257672266 0
409.1677486385273 41.79779438797017 0
299.0904950620122 59.36993429445907 0
348.0130222047541 54.8869953588768 0
263.9631764185782 43.84212282428086 0
283.4854903593978 60.39897007052708 0
315.0268845007329 57.90780683918338 0
230.818363677127 50.69940732328602 0
230.8052368008812 49.20111501665068 0
331.4201581077481 56.5316242731427 0
277.7308718576097 41.8785647963822 0
396.1235845051081 35.75700920525029 0
242.2129824037189 33.62372198945938 0
402.7949342552643 56.77071149583834 0
411.2928891676284 55.80264134612136 0
228.2172347971568 52.18768741425914 0
229.5098749528082 52.9475985423992 0
228.2037051251889 53.68722907225975 0
229.495950622803 54.44879861786664 0
228.1901590619729 55.18734109289074 0
229.4824313128461 55.94898448721553 0
228.1767151264611 56.68738057220025 0
226.8844268891873 55.92580973947663 0
226.8710092955486 57.42575623143617 0
225.5787319893861 56.66416814706098 0
225.5653113271516 58.16410998828511 0
224.2730354570324 57.40251824334248 0
224.2596145247265 58.90245870026045 0
222.967338849001 58.14086611394292 0
226.8575868299979 58.92570448889605 0
222.9807597831489 56.64092620038966 0
221.6750631942224 57.37927351824758 0
230.8062450271359 53.70369767417404 0
229.4689819862874 57.44900460280913 0
230.7746853222619 56.71063934590647 0
243.67494147203 74.39543254272579 0
241.924205335981 77.87224023550715 0
245.9695424603283 77.63230362867534 0
244.0090600412839 81.36027476032223 0
240.0595145225515 81.60041701949115 0
301.121171065198 37.81501468231524 0
377.774313629903 59.62886876945258 0
231.8534491307969 49.79664380966838 0
349.2366387514489 33.17698013563489 0
324.8475621649472 35.69559481558083 0
230.7612581411121 58.21059720679074 0
248.3469476291522 81.63718202876163 0
246.0944202872503 85.88212535883434 0
366.6315256571696 31.62942974079155 0
374.6158114085763 30.79706535878186 0
250.4396350921009 77.234622038944 0
369.2174262446089 60.47982050571163 0
374.2444459805226 67.57095021909321 0
365.7143865151789 68.28861102439433 0
382.8290217081261 66.59846862073752 0
257.2819770601281 60.52329855332894 0
253.0942039789024 81.63880789150097 0
255.2725402863534 76.47062971729666 0
258.1612187781328 81.15773763260923 0
260.6648395238229 75.85392626330837 0
263.9210536320272 80.76820058136764 0
407.8215125950261 63.69907450961142 0
416.3982266045718 62.66616283941389 0
419.7970292969601 54.7640600719282 0
266.5906399345507 75.69412852279106 0
225.5920990235718 55.1642116960796 0
233.6461206030346 66.81474677360569 0
232.0669542000019 57.4722492615968 0
232.0535325405727 58.97219376316642 0
230.7478367862955 59.71054104913497 0
232.040112750141 60.47213360158577 0
230.7344167359543 61.21048164414675 0
270.2364653872038 81.10208480805392 0
272.8122702168241 75.230871658335 0
276.6393574707721 80.93268698819905 0
369.962905266878 24.25872377412006 0
377.8109238520294 23.54329462411281 0
279.414222992724 74.69334819228348 0
283.4330017279415 80.73796041380172 0
286.4330784684695 73.97523109089525 0
370.6281782932337 75.62357478186156 0
424.836726301561 61.30001396993043 0
421.1952706837258 68.62000535474482 0
239.317819343024 48.58179213958148 0
232.0266928758047 61.97207367550602 0
230.7209968437951 62.71042173426628 0
229.4287205325509 61.94882955833388 0
229.4153007811003 63.4487697724599 0
228.1230244515547 62.68717759298335 0
222.9539179037184 59.6408061999843 0
228.1096047336925 64.18711782730307 0
226.817327844172 63.42552557410659 0
226.8039086011015 64.92546587599989 0
225.511631043111 64.16387290069703 0
225.4982124220335 65.66381381458346 0
224.2059355458807 64.90222116852232 0
224.1925164525243 66.40216189168727 0
222.900240265571 65.64056998979476 0
225.4847927744131 67.16375392159546 0
224.1790967708355 67.90210200879727 0
225.4713729946686 68.66369393769681 0
224.1656769690704 69.40204200974662 0
225.4579531728912 70.16363391928618 0
224.1522571402867 70.90198198558416 0
222.8599809428177 70.14039008189033 0
225.4445333396048 71.66357389093793 0
224.1388373050821 72.40192195557984 0
225.4311135033298 73.16351385995991 0
224.1254174683097 73.90186192416337 0
225.4176936662961 74.66345382830828 0
224.1119976311493 75.40180189239942 0
225.4042738290708 76.16339379648642 0
224.0985777938924 76.90174186054918 0
222.8042316529964 76.14932108233745 0
225.3908539917974 77.66333376462167 0
224.0851579566113 78.40168182867741 0
225.3774341545121 79.16327373274626 0
224.071738119324 79.90162179680009 0
225.3640143172242 80.66321370086848 0
224.0583182820351 81.40156176492154 0
225.350594479935 82.16315366898991 0
224.0448984447457 82.90150173304252 0
222.752622246846 82.13990982897511 0
222.7392024095566 83.63984979709588 0
225.3371746426451 83.66309363711083 0
221.4469262116567 82.87825789302872 0
226.6697103524129 79.92486563681558 0
221.4335063743673 84.37819786114972 0
220.1412301764669 83.61660595708162 0
220.1278103391778 85.1165459252029 0
221.4200865370782 85.87813782927081 0
218.8355341412768 84.35495402113489 0
220.1546500137563 82.11666598896036 0
220.1143905018887 86.61648589332391 0
221.4066666997888 87.37807779739178 0
220.1009706646001 88.11642586144526 0
221.3932468624999 88.87801776551294 0
220.1116719406426 89.61658163914748 0
218.8509191831486 88.80835792573352 0
221.3838472107667 90.37799370189789 0
222.6861930913258 89.63961566429062 0
220.1374272786139 91.06221794039504 0
222.672884925859 91.13955663153061 0
223.9778622413316 90.40120213715043 0
223.9623899875055 91.89737572624968 0
225.2697543811217 91.16216593571099 0
225.2170257119433 92.59788290287702 0
226.5545434873878 91.91143928966022 0
226.5744166177579 90.42218314130585 0
227.866520515899 91.18350259031391 0
227.8809871854083 89.68529784964466 0
229.1734091387184 90.44713354910982 0
229.1870277406118 88.9475234181307 0
230.4793613585148 89.70921092762059 0
230.4618953022607 91.16865750545423 0
226.6428706778347 82.92474557305754 0
230.4928238932376 88.20934186659389 0
231.8071547911582 89.00993358567675 0
222.8331412704377 73.14027002012105 0
227.9005360278808 92.62249506250046 0
222.6205984315748 92.57186959329994 0
226.6965500269919 76.92498570057332 0
223.9913412645805 88.90126269856117 0
229.4085433429827 64.96049156073896 0
227.8947846701455 88.18598648692193 0
222.9136580655826 64.14062767465776 0
221.6079631576685 64.87897686082667 0
226.7770690507274 67.92534589184567 0
222.7794619214246 79.1400298927324 0
231.8022195142416 87.47753334164412 0
230.5068841306406 86.71053139159223 0
226.7368095388593 72.42516579621012 0
231.8257450212577 85.86589952475485 0
230.5220949795695 85.19216403086284 0
224.2461935296124 60.4023991852483 0
226.6294508405445 84.42468554117927 0
225.3237548053545 85.1630336052315 0
290.380055844496 80.10266733360507 0
362.0293576499295 25.06132287012347 0
232.0744590584633 51.17126126971893 0
293.632398553039 73.54248298501625 0
297.7864638494285 79.76942726243834 0
301.1800111188339 72.98222482066527 0
232.1170836623868 55.91205627316825 0
233.3572721909096 56.51542595593952 0
233.5196293446907 54.48568586544387 0
235.282304598727 56.02908439657737 0
222.9404969534693 61.14074626733134 0
221.6482213159405 60.37915340933655 0
226.8307466752431 61.9255848370685 0
222.7123627349771 86.63972973333796 0
229.2145033037499 85.94515482994622 0
229.2279057028734 84.44458408556176 0
230.5335988317003 83.70613089213028 0
229.241003302942 82.94685679296204 0
230.5466456319253 82.20887750816098 0
231.8629531310712 83.01304370050305 0
231.856275760109 81.47813438605232 0
230.5606500275008 80.71071425759885 0
231.8664434890689 79.97266231313597 0
230.5736252731139 79.21014839160489 0
231.9050769053992 78.42786794427987 0
230.5911732749615 77.7026283737156 0
229.2818726676872 78.44703516002244 0
229.2953797703855 76.94684163731432 0
266.3320700544953 85.79709533107314 0
263.1866924368787 70.41323536289755 0
305.3846753075139 79.38744004414229 0
308.9124881072445 72.42737647238474 0
313.3335447903932 78.97078941982615 0
316.9250657992246 71.84459645956986 0
321.440763578844 78.51583628228815 0
325.0704225751198 71.30459649618609 0
329.6938082206167 77.9825968884074 0
333.3941884993559 70.73717278955239 0
338.1023193501912 77.64660445306869 0
341.8520590187371 70.20132677417595 0
346.4660199678415 77.21428050140435 0
427.9334843415028 53.54839318868554 0
422.5499404723724 46.51138977948708 0
238.6070412858754 29.95360440783504 0
244.3020781614165 28.95776818994037 0
233.4762218765569 79.31308665739535 0
233.4428541274281 82.15206793750367 0
382.4748218377796 29.83562377494249 0
385.4977808685849 22.72736590307328 0
399.3300748834634 64.62578880400503 0
404.3900845428739 71.82285718158531 0
240.549201817023 24.71062668436214 0
246.2972015500638 23.00490422761571 0
250.4752353570638 28.02856284379975 0
252.4597900717681 21.84226272281665 0
256.7704059672007 27.20234458596724 0
226.9288372706896 52.95673573792291 0
395.7564787523926 72.74957527262102 0
362.4339231368988 76.02667259255152 0
380.9343089751349 16.96544323844852 0
349.7482858264328 69.3239028487189 0
365.6671661081202 18.11848026322406 0
357.7358135929836 18.67340338885355 0
235.8527362675967 53.31193964113482 0
224.2327727154681 61.90233892640163 0
226.6160310032535 85.92462550930053 0
225.3103349680634 86.66297357335253 0
254.5003412513985 32.93203258817597 0
261.2369001375226 32.41163129501955 0
263.4677022604388 24.69714898099449 0
268.5947492769454 31.66590468423199 0
271.6050723126698 24.53819693404516 0
238.1540041161547 55.51992161636097 0
233.1889537601342 84.38298088431874 0
232.9918788615996 88.43137765306506 0
233.0525209009799 90.42988258804712 0
234.9545542764071 88.53318041670038 0
235.2672086797979 91.61116061149434 0
237.7288807465217 90.04454703503262 0
237.3897174785832 86.98270355558074 0
240.375567439801 88.20166461682238 0
240.6327629007873 91.46150126730723 0
233.2204414394002 77.80512456997229 0
433.9807441552601 59.35717465054574 0
275.6377742844517 69.12227966064688 0
361.0608328043264 60.95545973502182 0
318.6435380465564 85.69177753731731 0
235.3034269546512 78.34927484861507 0
276.526193031087 30.34389294021227 0
279.6150859009432 23.25255759868199 0
284.5743097301736 29.54178697467656 0
287.8422830272286 22.14231674637249 0
400.8096854405056 80.15290670056228 0
230.576182671618 76.25071489324445 0
229.2791714002846 75.49712740378791 0
231.4668589814646 67.16428869312243 0
388.2902327945637 16.3291067990765 0
392.9087360678842 21.82559945613067 0
395.3929824414013 15.59759288503401 0
400.0440222377185 20.96011507937538 0
233.9713851384511 59.8279328264419 0
232.0132730287725 63.47201366750981 0
343.611575949488 85.02159514933253 0
402.6728427466811 15.04429330960854 0
407.2049906455077 19.99740383451504 0
409.9886479821207 14.07036615497843 0
414.2590624929699 19.14218736338917 0
411.6700805603414 25.21665673342978 0
418.8581510265961 24.52438426702223 0
421.4007087991611 18.0146213936294 0
425.5508597062729 23.56455002971468 0
423.3658541078092 30.45764877035108 0
427.7869394921753 16.83828193384011 0
430.1262591473828 29.51474675901393 0
233.3189690639612 62.7336656034558 0
256.0334183512863 85.87301042499763 0
292.6508286214781 28.60174278989047 0
296.3880229356064 21.02992312010999 0
301.1140323408232 28.57891223872325 0
305.011794766358 20.30310246850485 0
310.1581562932826 26.35260384233512 0
428.7382430315707 36.29181659277856 0
220.5375221481702 37.10257134363723 0
217.8206151463734 35.23832280852974 0
217.8196355681757 38.28059955299039 0
215.0523115908531 36.68748209900222 0
215.1697036484672 40.19150676395169 0
211.9873193506777 38.27404609624298 0
211.892015115646 41.93897219601583 0
208.5423149207241 39.97272693511945 0
208.4492133134503 44.14155216471576 0
204.7252221279138 41.92035123165207 0
204.6584051297713 46.50331422924145 0
200.7429891454522 44.07836925684894 0
200.5734607028925 48.95547569039103 0
195.72110022203 45.8147004501576 0
195.9125206891554 51.6835233089469 0
191.0380195095315 48.98257923501399 0
191.039924302678 54.72423578649266 0
185.7266371762992 51.82402293794451 0
196.7292343424531 57.69715227508199 0
191.3002760063374 60.55417339268557 0
196.049980555105 63.41315509833266 0
204.3463715068244 51.07171702627072 0
191.3283240485673 66.29631338821318 0
196.3487179139768 68.99385161640534 0
200.7200433851378 39.32833858882287 0
186.0365460900495 45.55334861819107 0
180.1772839101538 48.56862814714991 0
201.018246002162 65.88002307013875 0
201.0298497130575 71.23800736005114 0
180.7428906958829 41.65964397270398 0
174.440184619795 44.95319390122988 0
174.2412078585831 51.91744630075162 0
168.2583147995098 48.28423750219378 0
168.1388354014196 55.41907090268246 0
162.0103194779485 51.71089189015134 0
161.9522594653856 59.36132933423164 0
155.5337032357702 55.30131422128483 0
155.6606736160031 47.75525618174144 0
148.9723981897933 51.39061763672229 0
149.1394331330706 43.67401339117666 0
142.2565994961085 47.41891446872745 0
142.1555203568993 55.28414498014002 0
135.264933090564 51.28639503898702 0
135.1995665094429 59.34258639504665 0
128.142347773109 55.25697856959344 0
128.2514729440117 47.06707947555897 0
121.0418979350841 51.07693879190542 0
168.364345133546 62.92092233941594 0
121.1649403649283 42.76128958371422 0
113.8429343703371 46.8367019625018 0
113.79416734974 55.17171396475191 0
106.573793685431 50.91713184951571 0
106.1596231538152 42.68944536423542 0
99.26347835038881 46.73535951828202 0
99.2947912200365 55.00954203976316 0
91.98798400820462 50.81762514355427 0
91.53039487977742 42.58716244776761 0
84.53531635655618 46.72192684876612 0
84.32281052798471 54.81712937785273 0
77.16979932691008 50.70010181093542 0
77.0270619949688 42.45219442035756 0
69.98513016959964 46.60558988216975 0
69.96608972592831 55.00576146841433 0
62.70634771314813 50.71848263028973 0
62.6370857111214 42.38166408052931 0
55.46419013135835 46.4190666741876 0
55.33976984581158 54.76615747491968 0
48.15686294994923 50.38907177661048 0
48.35881052222083 42.08636103365614 0
205.2967800267267 68.82872210626114 0
205.3491892538453 73.34718435839324 0
155.506357879123 40.34617002631761 0
155.6380698652664 63.61340442162331 0
191.2204451159585 71.78572578604417 0
41.08918947160898 45.96953156803742 0
41.43821893963812 37.78620420856289 0
40.76767022458757 54.37878253660958 0
174.6142439889929 37.99451914465968 0
142.5781586208896 39.35682992221287 0
48.47176318688588 34.01954765235897 0
201.5859415950869 76.01233952372392 0
206.3320591089644 77.88356529642375 0
128.0991309471991 63.44151716809405 0
211.5489648346608 45.72670857619268 0
209.1204054528785 70.90678312667458 0
209.166560802619 66.87169584408836 0
208.8035524602999 35.90852371863699 0
41.65230116678897 29.80413081887392 0
34.75207091042189 33.53555837506473 0
181.3353706167771 34.44132173489776 0
135.1935899282648 67.54777401142188 0
33.66300537840128 49.86658448092834 0
33.26016307478135 58.37206383212941 0
40.58688565981775 62.98985869032164 0
202.0513818460915 80.60537819750135 0
206.1117107221567 82.54978974461385 0
186.153933223224 69.2474661665027 0
186.10778151788 75.06246227534486 0
212.5464258763256 68.86634806781984 0
212.6011508412049 72.63038439952979 0
213.0829456126625 65.01759903202846 0
209.47318167571 62.95451807725424 0
212.7589799745767 61.26965658298739 0
32.81024326983535 67.12355995782349 0
174.6623153583595 30.46086752223861 0
34.93217411626486 25.76022594322137 0
128.0888983274487 71.6420686947008 0
48.47587369996452 26.12133563207886 0
28.15963788069863 29.41915958409225 0
180.8616948574595 72.45128912536273 0
214.7607641299311 33.07958224258333 0
181.0335964244693 78.8145296986829 0
173.9796987235573 75.58817823764997 0
202.4338463214158 85.17363733307764 0
197.7483373346334 83.65657226578834 0
206.9506679620164 87.06421681979477 0
209.9351321483057 80.52396635226133 0
26.10745133172112 53.78167793893982 0
28.42322113909206 21.75612384274805 0
135.1820620341717 75.71186202153328 0
209.6181999794529 59.28046966690877 0
212.8805951442148 57.79370321750446 0
215.8428556335213 70.66651296002971 0
215.7033552572367 74.48068812661384 0
181.4094581795111 26.58718207377262 0
188.0645451936232 30.95625086448439 0
188.2062815491869 23.14723695132595 0
194.534564482629 27.67619295592604 0
187.4235639588304 81.06385949217851 0
55.29427788269607 30.15769265820772 0
55.32060342920754 22.35471697349126 0
61.96636672141425 26.29272705210645 0
142.1724371762828 71.6239653678069 0
180.7393680893023 66.92565168973454 0
174.799606353922 22.53877270396053 0
167.4762915842422 26.51284483267352 0
202.9976125057268 90.07640320222806 0
40.39181356119343 71.88114686055592 0
215.7775396288061 59.57997076799344 0
216.1930887586313 56.20941528985543 0
213.2488724754435 54.4939382233559 0
216.1832435710423 53.09358802281717 0
221.7601234455903 50.71695478899056 0
221.6501075219423 55.94445120969997 0
220.4897497126966 49.95503953264987 0
220.5238489327691 48.46737526142355 0
219.2168798818221 49.16399774792038 0
219.273772645528 47.65925985808419 0
220.4816682889684 51.45310050970426 0
221.7827652028408 52.18768741425496 0
220.5145125165601 52.88178244663005 0
217.9468737251667 48.35460332074284 0
218.0084540728826 46.85482936146073 0
222.8170462320651 55.05570178675781 0
35.05450010303093 18.21414008367319 0
27.15809526756676 45.27829630693176 0
128.0701693331123 79.85699564074554 0
120.8754945205387 75.73044668458647 0
128.4701376152276 38.72029277856163 0
121.2762894761817 34.35178723967388 0
128.6789729836869 30.25555073949657 0
121.4174699563973 25.84148601203069 0
113.648712782172 29.97073413022985 0
32.47038936832942 75.94031116607539 0
181.3969568895826 85.18871725304518 0
48.08724850105173 67.58399187635052 0
47.9670576770278 76.33043121248842 0
55.28202434486671 71.69541422500066 0
24.57661784679773 71.15250048673616 0
220.3763914542938 56.62853360545719 0
220.3683005990444 58.11942944571301 0
48.71245356256267 18.44381867653534 0
219.3090847366313 46.15807846413584 0
218.0660413239205 45.3555221159847 0
219.3617026532869 44.65058743138626 0
218.8566608806713 72.28043723214049 0
206.1147154770837 60.88524974320032 0
195.1955933039988 20.50530952550569 0
201.118620579725 25.01230468555892 0
21.49753399907652 25.43601985737366 0
21.40598367548009 33.5199221834429 0
22.02540721215358 17.87082944480369 0
218.125852959577 43.85524779804977 0
219.4502049290003 43.15132700177098 0
142.2903427710967 79.49985850220112 0
149.0503935322161 75.68495909215949 0
213.6979026114541 51.45497337179513 0
62.05300062854926 18.57735097649218 0
68.90770906309427 22.18151750311615 0
69.03303042535026 30.17845213805906 0
75.60533261202193 26.36491485833856 0
113.8928556950116 21.70682287076734 0
106.3119678267846 25.80337608320991 0
149.3008563470874 83.58376614309262 0
155.8149224042755 79.52796893619292 0
75.53418756126162 18.5353745566815 0
82.46665742674237 22.47564222706693 0
82.97373520706338 30.22183970661479 0
89.43530167416722 26.49872147099636 0
89.16972490738598 18.87857566763056 0
217.8994161572763 49.88388222500549 0
106.7640234616253 17.0969342959785 0
128.8381323037214 21.87223836204701 0
136.3160967887565 26.21756403243581 0
206.6954328194206 91.76588810445354 0
209.5537310391315 89.3407745398676 0
220.4303840112329 55.33913025798117 0
20.19676731357439 47.83970047690438 0
18.94140895985574 56.21260021318611 0
210.7537326953879 52.22793354816658 0
300.2923896240035 13.83361863018549 0
252.3509201409256 72.77513671329031 0
436.0274957831064 34.9323563403123 0
212.9418530198409 76.04022392701127 0
216.030202437593 77.61577270601028 0
218.7800112534947 75.63922460549065 0
206.3026704611109 96.58327461835393 0
219.1908300288373 52.19383665959865 0
218.1920167654595 42.35618431849881 0
219.524183989476 41.66259128085976 0
216.8274821657193 43.23339162688416 0
220.7497098391787 42.52296091499397 0
186.7730953461343 87.74949610637978 0
219.2469256820181 53.55556051315506 0
219.0758472917096 57.35813806189078 0
219.063569832095 58.85613775570948 0
193.6933135645914 8.308715615314259 0
442.1927616516037 54.12235644979224 0
7.216878364850294 54.16666666668981 0
429.7361398741207 47.26338505358103 0
410.2244690908743 79.33279422929185 0
209.9808595761585 84.26214909964358 0
213.4131139998846 85.72649345081977 0
213.1213033150746 82.47050018900485 0
206.66409936456 57.18888015293147 0
195.5811029700662 35.76932781289186 0
200.7866227905744 31.09998442241355 0
205.9349030022887 28.3663583286986 0
207.0835364342144 22.89823347255219 0
181.8946017837181 91.8180391471026 0
423.4281875277989 11.45695282317947 0
235.3545203636899 82.86016679202619 0
289.4543921351438 67.46443065564614 0
351.4113264049911 84.54190762735703 0
313.6944225163454 18.8922133114033 0
318.80729383118 25.01372162924574 0
322.232474631141 17.55561450379497 0
327.3575959212372 24.12016417205226 0
274.4725412475474 16.84602675221909 0
254.9377670309574 9.622520594169279 0
260.8810394644038 16.77565234980183 0
420.1279600292559 37.9071636029675 0
216.4318113985529 47.67768418984404 0
232.4151029848051 17.2696434971755 0
287.2316997044535 86.60582462764962 0
216.987402460502 17.22623946079209 0
202.3524953505294 58.23911416344733 0
242.4495910111306 52.11292670070284 0
7.295668428031039 34.77021954862618 0
243.7569111973384 89.52522705628346 0
243.8276969747922 93.14019995879308 0
247.9735173114113 91.17081890798626 0
94.75955877145429 22.40716651067184 0
98.04534905501048 28.98983306326233 0
155.7131488462063 71.80500934483103 0
161.9977823790879 76.22678522991305 0
162.0642120865715 82.95106968875493 0
221.9358668493649 53.7006844914185 0
223.0966296885163 52.6887823935409 0
288.4772898045023 35.28904862990224 0
15.15594193006598 40.41343361308481 0
301.845605233146 86.30104865723604 0
219.5056942068203 29.63701037286582 0
214.9038612440819 28.58681440046591 0
215.8562290870707 62.64003285812048 0
215.7248729728625 67.23759354361361 0
218.5324026144092 68.68789724520103 0
221.5945442063526 66.37891797626379 0
220.3022680044476 65.61732605926487 0
220.3156874891886 64.11738553976458 0
221.6348004856514 61.87909319581804 0
220.3425247870478 61.11750044650231 0
220.3093947104534 67.08240290087373 0
221.5845489359359 67.87304759943271 0
219.0099920260391 64.85573443556017 0
219.0234097645487 63.35579116987125 0
237.5299670823603 64.45335403207329 0
258.3205069861464 38.6791806904335 0
23.49872432807082 81.60032853606408 0
237.7067445761674 44.82454323038119 0
232.1108997647415 48.44565581774265 0
230.7988345082503 47.70129987873797 0
231.8435749644048 46.79679351620801 0
230.7726067639465 46.17529919184859 0
232.1010754376388 45.44567325838313 0
230.8026078694744 44.69842119102996 0
231.8364676568893 43.79623089823964 0
230.7518940992812 43.17478082719467 0
229.5057805416084 46.99918140922802 0
232.0408348459803 42.41658756125915 0
230.79329655637 41.76158548507211 0
229.482445379623 42.5500103751195 0
233.474380371008 49.42412031997321 0
242.1342452922386 18.52758952042383 0
315.618103312006 32.97054888228295 0
237.3000578587063 96.34291316435275 0
212.9833932813963 96.77932980881724 0
211.5885859228308 94.41554764182695 0
214.5229959897712 94.3098613069715 0
213.5139729174801 91.97405717771899 0
216.3841806917946 92.47982058861639 0
216.8411737764129 94.66538294629073 0
218.3029249168008 92.49042882634836 0
219.1138965392892 93.9613196888636 0
366.9700757171486 83.78156687856826 0
375.1474551776406 83.79192286620324 0
136.0717388633201 17.65777007769757 0
144.0026482756421 22.08383071306728 0
143.8677257932108 13.35087780943194 0
151.6215092532493 18.11558917596822 0
151.6142211679354 26.74158635194044 0
199.1004478154715 94.01628185981971 0
195.5056142702009 89.03965685387375 0
330.4709261680081 16.02769742451746 0
335.6361658048548 22.68861842010767 0
338.9785830658061 15.53084300951963 0
343.5988052073422 21.59023096738405 0
346.6923169256377 14.03764979167821 0
340.7097094643749 29.55752241687559 0
167.2283821022341 17.16321257511387 0
172.018658531047 8.537488346055415 0
162.9492503480647 68.35667941071313 0
170.3992582466306 69.52700694082444 0
187.9582721522355 39.11670816801185 0
230.2094410252755 30.68478186474403 0
233.776861425201 29.60112342844676 0
168.430805223845 79.70784446859301 0
14.5649176635171 21.53912440489341 0
15.50099155958509 14.1950095215694 0
168.5116610442114 87.02858546499678 0
422.3337575432353 90.78012527031537 0
427.9737289402395 82.07584229919156 0
437.1387135761181 80.80391414406824 0
433.055857243176 73.96886172855608 0
120.7152502231404 85.41981869704334 0
113.5870629509541 79.88471250723953 0
113.6271307573964 71.52062216167994 0
106.1952745117153 75.63057835389316 0
106.1641138204923 84.23360514629415 0
98.66643238696213 79.83839655542666 0
98.74576004593172 71.31978392877386 0
91.12064091543047 75.44124456757034 0
91.31894092045684 67.15025700545107 0
83.42549536060024 71.22803671340945 0
83.68441137542966 79.49234116060785 0
75.74495332988865 75.36487192157971 0
76.62530832821862 84.22785192813889 0
69.17596451351636 80.28735721357393 0
76.09150942172369 66.9327636780564 0
130.1318452418299 87.62240707431764 0
16.22057939303245 75.39931816492091 0
220.0729802351258 68.6530804996663 0
54.92269318076293 82.00892674972447 0
304.231705659139 65.91198205870064 0
342.2414383487937 7.563811184904219 0
217.6154788748735 91.01818851935703 0
215.8511885044441 89.99021497596804 0
417.0007777720939 12.51373815804394 0
28.52420331985812 14.85386753578008 0
443.6229707574977 16.96847264720783 0
438.4890266787215 12.83926148802757 0
437.8340544348353 20.11457373724023 0
236.0589468843322 74.81859723035238 0
28.13581753272757 91.1362221102126 0
41.74265614686718 22.16461882248883 0
41.58369852608639 15.22386354048246 0
235.5814750707869 41.87566237458368 0
234.8791210083156 9.850217350028824 0
98.87317068950864 88.01470582681998 0
400.4304212687184 90.96685949444746 0
148.9659283231335 67.4972119676676 0
50.11588254984157 91.24572223494775 0
7.236242239611245 87.34941782553571 0
7.579699297418284 16.13415907508265 0
391.6062356742357 81.2180879145189 0
411.8890446889475 8.500007191573939 0
397.3388534025547 27.61814134453704 0
442.3802917473896 62.94682190541737 0
159.513503691454 22.49067155677998 0
160.4749300856445 30.04051590876114 0
192.0995372847722 84.95150139755742 0
193.7351583733163 79.84623825631486 0
387.8646890132374 36.54763893480172 0
106.1461683227972 34.16833300587452 0
202.8828842684371 18.04561096122051 0
264.125199953854 94.6707973705073 0
271.0517373420319 94.60109685193051 0
272.9596127656508 87.93576271795291 0
404.4138328888823 34.59597718711018 0
412.5219622552209 35.2712826902397 0
175.0200598075531 82.4724379859188 0
208.4729968812593 48.80722167342202 0
143.279644646739 30.84951707089478 0
215.959994912442 83.69033779480463 0
354.4336231129215 26.04409299125188 0
373.4309157665069 17.69821708339801 0
221.6760520251444 39.0884411673407 0
228.3254524005067 39.03489884624702 0
229.7418149563343 39.76556509967051 0
14.03007561149912 29.37820483158088 0
164.754580554626 93.91746254151067 0
324.0516208501011 8.927643260346381 0
151.9601820912125 8.717194255059228 0
55.24289237914247 13.58397045574101 0
285.4142338433581 93.71277562964387 0
323.8901209829122 92.77712114423176 0
142.1219955075707 63.35995647792971 0
233.1101934798831 92.66541817946657 0
234.6423281979892 94.22126776062197 0
232.6138982015747 95.58884251273719 0
231.2310343161509 93.5505371804805 0
237.5744497156189 93.23426099723261 0
180.229549515297 54.96455307894855 0
240.5116784332744 58.06892960677807 0
320.0758054588237 64.60042604901294 0
223.4949882778479 98.71843519413945 0
224.2258544070008 97.42357666883697 0
225.7266709184441 97.39976372421889 0
224.9460420332051 96.11626634115841 0
223.4481082724491 96.15006419307474 0
226.4462972313318 96.08009756460822 0
224.2811847606478 94.85587815702027 0
222.8688142349234 94.8772163959847 0
221.9886992670118 96.18351398585999 0
221.3196851634186 94.77683334076372 0
220.5555331692301 96.22317185081347 0
227.2286604247828 97.38726037530145 0
227.9493844490841 96.05962055943129 0
227.1659515384009 94.76287269134475 0
228.6573118263408 94.80641586960526 0
229.4424358584103 96.03872387317276 0
226.4904797779396 98.6986892494515 0
228.7235223744568 97.36444822729977 0
230.2414941309356 97.30059668640706 0
230.9241137444441 95.96620504821058 0
231.7437076861373 97.23129050655064 0
232.5019092553508 98.58346465179928 0
215.6215403372185 81.2097409368758 0
336.6418723138699 63.31172336223322 0
241.9268456822388 84.70375586389362 0
124.6102388560619 7.942651008582608 0
227.0190709056816 51.52520428785228 0
223.0139361644188 51.23851898128665 0
379.530673042877 37.42168917008381 0
136.0631264497571 83.01551997857617 0
34.33636361645232 41.5896895471346 0
149.433344963107 92.02448842880418 0
414.0859208084572 48.30820743544936 0
407.5828119258003 4.524658919443231 0
44.75408454296446 5.491151390749843 0
247.9536954834293 33.96754853425413 0
55.35846919435085 38.16644120023676 0
106.8924209217972 8.415475923024395 0
219.193797361407 50.68479583158718 0
217.8230369831389 51.57843297507379 0
218.0682184593119 52.97679436691043 0
217.8487622232948 54.36138453341909 0
217.5294863220298 98.68019988687303 0
218.3230108290834 97.46822101839885 0
220.518939960675 98.73663679324903 0
229.4819188091307 98.68044957666714 0
232.076564818262 40.71942567499724 0
69.40549044421786 38.22765197326578 0
90.47203916346348 6.958276839305762 0
379.689142748523 92.02421278212894 0
252.0054482995508 60.3626694762163 0
254.5567897856183 64.77752802038873 0
260.0949354953726 65.33384069225653 0
265.9864301361549 37.58900731693922 0
258.065746624597 45.28048543340655 0
365.5884969556768 6.274736561182694 0
209.1614190079244 74.99025891562644 0
73.51132549436267 6.427824595690701 0
69.37781953305202 13.48334221994449 0
334.5856822120212 35.70971099603334 0
238.3297102131014 77.52687793182702 0
174.3525003849798 58.53179160658741 0
230.8086023372651 52.15324452782377 0
232.1236204210847 53.0268641045696 0
231.870939231977 54.4677962841515 0
350.1724405269557 6.740129362863982 0
16.45401860159074 65.09570581272128 0
225.7348259192688 94.84000101136765 0
58.73489214378752 6.184391298756279 0
229.5114796182063 48.48828355849423 0
256.9072000935607 70.24563088357002 0
220.5399062625538 46.99069740052497 0
226.9007684726412 54.43093567112565 0
225.6477938606089 53.69499526763194 0
225.5384696577731 61.16399208614414 0
230.7578891965684 55.19866211374708 0
225.5250500566059 62.66393202423247 0
226.8441665426835 60.42564476788843 0
228.1364434519006 61.18723728375881 0
228.1632858855802 58.18734880932932 0
229.4555608847744 58.9489464357238 0
229.5097902152785 44.03485641120739 0
224.2569169993054 55.88837441666628 0
225.551890259347 59.66405180306707 0
220.3557513142712 59.61789036968545 0
219.0502000116658 60.35599097211325 0
219.0368204419865 61.85586204828312 0
221.661432196033 58.87956984281829 0
219.0905119185736 55.8560878094312 0
219.0205416663842 66.3149993874197 0
231.965762083397 76.90510944704707 0
231.8730918947734 75.39752984619554 0
221.3664071879238 91.87789770175868 0
219.9295081909463 92.6023035984208 0
221.3207518617246 93.25113638070437 0
222.9270767553152 62.64068607180997 0
226.763649213438 69.42528585996862 0
228.0693452486279 68.68693779591463 0
228.0559254113392 70.18687776403601 0
228.0827650859171 67.18699782779336 0
229.2803532804777 67.94774256622547 0
229.3147470103723 66.46166611979464 0
218.8179685589892 87.34709795741665 0
217.5029984315111 88.09318202143142 0
217.5164182687995 86.59324205331019 0
226.7099698642823 75.42504573245266 0
226.6025940503455 87.42453699499148 0
226.6562905151243 81.42480560493541 0
227.9619865503115 80.68645754088183 0
231.5866691447466 84.43204380651395 0
225.2832468273743 89.66237214995665 0
231.496657235244 90.43085223499978 0
226.7904888095664 66.42540586524827 0
221.4603460489463 81.37831792490721 0
220.1680698510465 80.61672602083918 0
218.8798439264169 81.35523038850782 0
218.8961754488009 79.85531647099029 0
220.1848866542787 79.11681644508811 0
218.9163705044198 78.3996610367103 0
220.207376098735 77.66187882448693 0
218.8518656636601 82.85504010361569 0
222.8465611075083 71.64033005180332 0
221.5469801809276 70.87867279285848 0
221.5396476177563 72.37866722357245 0
221.5198131627614 73.89062849176349 0
220.2150319274076 71.59891598553784 0
220.2351690374911 73.11702618023479 0
218.9506731583533 70.86322617293332 0
220.1753214722328 74.67816382765696 0
218.9229630406204 73.85531600020846 0
220.1939085050657 76.23168330428327 0
221.5056390396954 75.41738063624227 0
220.2575949695194 70.19315376826435 0
222.8873912356115 67.13954159697667 0
222.8740666002552 68.63932024613037 0
226.7233897015705 73.92510576433122 0
228.0290857367577 73.18675770027744 0
228.0425055740494 71.68681773215739 0
229.271331156269 72.39963935468586 0
229.3573376470829 70.9002877078884 0
229.3721294355702 69.4003498302679 0
230.7153497822234 64.22410713004993 0
231.9998531914839 64.97195363563095 0
230.723379131016 65.82293562274822 0
229.2153781888408 91.90847206416257 0
222.7959088433789 77.64758162933407 0
229.2005833990544 87.44780931743117 0
222.7660420841352 80.63996986085374 0
228.085009597272 65.69119084614636 0
226.6831301896999 78.42492566869345 0
218.8236599860364 85.85360465592964 0
217.4838345538051 84.98619179858196 0
222.8167067042249 74.65021067450451 0
226.7502293761514 70.925225828089 0
221.4743320472261 79.878383022181 0
222.7257825722671 85.13978976521661 0
221.5326919774303 69.39627749804042 0
222.6990749310079 88.13967088274967 0
227.9083705774991 86.68573176397207 0
221.4871857235251 78.37843798866542 0
224.0314786074559 84.40144170116349 0
217.7375814103701 83.59598917341573 0
217.5300255978707 82.12553661106202 0
227.9219013839425 85.18518653451346 0
224.0180587701655 85.90138166928428 0
227.935283103527 83.68540933937898 0
226.5888240803009 88.92388169404855 0
229.5291214602402 73.94700549256385 0
225.2968717072106 88.16281724040692 0
224.0046740626675 87.40130596628208 0
229.2544224685336 81.44790218090505 0
229.267993895791 79.94812918396315 0
227.9486427697122 82.18602950535347 0
227.975586646798 79.18633179916908 0
227.9888262248856 77.68657760463807 0
227.9975938643818 76.1945459578604 0
228.0447220045862 74.6959313418789 0
229.4421401988076 60.44888913882278 0
220.3291038127124 62.61744415765223 0
228.1498639656241 59.68729515406987 0
221.6213816276864 63.37903558342154 0
224.2193540303272 63.40227979438686 0
224.3350204680917 54.45788786059092 0
113.7064447450386 38.46304854770494 0
380.2023950792166 5.744548673551702 0
291.3058973628396 60.01490856517339 0
220.0339288056184 39.82348196390038 0
82.22790398824986 15.36138578382887 0
200.6721581435064 53.78887901233107 0
13.39483319662504 4.566333443853172 0
22.08498789214497 10.72584069599983 0
250.8134519211488 86.48329232536858 0
253.3575426418657 41.77595779508233 0
262.9538660340935 60.47123412694575 0
260.8270252450228 89.76406457743825 0
69.12302195996409 71.16257792903762 0
393.9887768607699 5.181860806248828 0
120.8979013359704 16.26053154102908 0
62.51194161424151 59.06743698964733 0
189.7152548637165 15.57162367831986 0
83.64762592284649 38.25276952141063 0
196.0990260774819 74.68512139507075 0
38.04673175395121 5.253333407948963 0
106.3410614820833 67.25000702088332 0
276.3171473715518 61.65082505559823 0
226.5114405563839 93.46460214749936 0
7.35344248814635 62.06597096141599 0
294.5452155685996 86.38644723495337 0
440.1737949303471 5.520349725374498 0
358.3930074462527 32.49558611446416 0
120.9767091786597 59.30768114629457 0
233.4025635866381 46.19141352031366 0
235.8193544891381 47.36542524850853 0
185.9890014706486 57.70427261803353 0
106.9304429280465 92.46840642622391 0
135.4008896466148 43.29958355627905 0
389.926202713589 28.85668893652345 0
223.7726003029524 93.48186542547138 0
120.9219088043295 67.4917260126357 0
135.7354820580686 34.73096904094737 0
364.4847428635392 53.45492108415165 0
282.1977439100782 67.53646373695958 0
386.160960975968 58.61032840691349 0
379.0462598148352 75.27886717485211 0
25.35831718076367 61.95635137358937 0
69.81505538987876 90.36501819812952 0
309.8164928986511 38.55019810254513 0
306.3537714309653 7.471827637965593 0
217.9446347997611 40.64487988488677 0
222.7367621955871 97.44488209399965 0
162.019156136678 44.55523769956602 0
80.27838484363403 92.27348662807363 0
277.8497600204606 8.22684328468246 0
40.0017042272734 80.38186984079472 0
251.240995580053 95.54128924679219 0
217.534982368081 61.10339437049059 0
217.7311315792021 62.59419474650016 0
217.7177103084776 64.09413657417556 0
217.7042914927397 65.59407849651318 0
217.8395372481413 59.59797374756777 0
217.6223996832978 58.03267842271518 0
217.7848153404034 56.59443491327419 0
424.5000000000003 4.907477288111786 0
221.4990416438994 76.91438057755823 0
296.8502962855399 66.91978151235602 0
48.00596014944318 58.85185957125099 0
300.1376500219048 93.45766738638272 0
148.8979359130722 59.40777495089461 0
269.3656706885391 70.0194530243929 0
167.9845086774538 34.04060300088749 0
394.4634672764019 57.67966454001089 0
404.4242847103207 26.45515725580757 0
27.95748395347449 37.27105720572041 0
412.9880068120545 70.26277318859866 0
356.2217116761111 54.09375230608387 0
210.8197442356806 31.18982349794658 0
7.315053980608899 79.1661532447477 0
370.2056916086005 92.07851460822462 0
220.6350419466242 44.01783197060738 0
168.2578509631631 41.29212402179808 0
228.2571367459747 46.31446051371665 0
193.4722979718716 40.9905671134598 0
221.2610709134136 97.47034865296993 0
113.7263680775325 63.2930315169305 0
62.28245339652511 34.23410485040085 0
34.81829738837493 11.13287002790551 0
228.2517375241975 47.78357501925669 0
221.7780242062684 47.78911113249129 0
230.1275379036959 94.74907498222055 0
229.3857005000186 93.42858200527891 0
270.8787935882274 42.93029688479376 0
307.0686449249073 58.73377633075086 0
229.5159771180179 45.51258367334462 0
219.8002280168854 97.49195213482963 0
7.999999999986316 4.618802153510918 0
228.2228275286559 43.42548731415334 0
312.040099075012 65.23766070160039 0
443.0116463264959 32.66781739251413 0
310.5604480162766 86.16994826268792 0
106.5492115655616 59.10275927887923 0
25.22860413371524 5.016227169550822 0
266.1195839336457 65.31929447065912 0
248.0757896084576 72.81846370324958 0
443.2712881582123 86.96201614691881 0
344.756529087659 62.37897098502623 0
47.2054940185704 11.39590601554925 0
133.6056986418433 93.87475390857524 0
315.6406883001025 92.96770067074337 0
236.1190786535196 50.43697165640291 0
252.9997072957667 47.02904339587901 0
328.4004926866851 64.12709589191992 0
282.9538241979811 15.55445194481701 0
339.6796608765268 55.66010610579558 0
228.2417794069227 41.95221862366071 0
149.4102525248209 35.53662571358613 0
215.6603130223704 96.50559265608808 0
323.2363122383387 57.30406394209861 0
155.9301972512655 86.78529292977586 0
248.607594653396 15.94675936955722 0
55.17086331763276 63.11118118592482 0
350.9455458096166 92.79598759173921 0
95.03371344281909 14.52134378153919 0
91.28074887638766 83.83674777029833 0
341.3212700647263 92.69346642058268 0
334.9001459373868 85.00852071231411 0
181.8516207939688 18.90291201499218 0
221.7736966111726 46.3062231513828 0
429.0207202062959 10.14406827717073 0
99.11636624435135 63.13515173201132 0
249.6411076677633 64.42015828955685 0
186.3525625505229 63.5159155971153 0
230.3952724261155 92.37856506471529 0
326.824805200266 85.42208730991041 0
187.5147354529322 93.95568937006193 0
91.5257734717173 58.99397933278786 0
390.9861176118727 65.62267432567943 0
83.91505507597908 62.95111880512864 0
205.7262634351086 64.73221477780345 0
210.09977172102 55.79033759621747 0
236.5984620104426 58.63044655354356 0
235.3957488814708 61.84552490940938 0
218.8909066846852 90.22450690519635 0
231.3650096943467 39.06672448563258 0
238.8680155475999 52.14459637281483 0
217.5835174552477 79.09354221270328 0
418.9441460398474 82.15589688978348 0
212.8140590904462 22.6414323133373 0
280.7063403183172 87.56176463636871 0
76.28204610107811 34.28297043634106 0
98.52305237134296 38.14832181473025 0
209.4756973007445 16.24803601979711 0
175.1505112790529 64.8254788779544 0
220.5744849211367 45.49510836237278 0
62.26240771667477 11.67352782296655 0
225.6113876088422 52.14039909779105 0
224.3392805199545 53.14355767541201 0
219.0984367121768 96.32675180534142 0
217.5754527841813 96.23086080871104 0
234.5317543098994 96.62011782859642 0
230.5247483234363 68.45391564544309 0
76.80674908609706 58.8274593020987 0
376.803882616901 11.56232190128957 0
215.1955204376927 8.00134035926197 0
352.9575012203603 61.66153141292305 0
244.708077836313 37.00194069558614 0
387.379311536011 74.34728992663958 0
253.8551838196935 90.83287764590744 0
205.1087744693577 37.81653033337384 0
354.1529596673759 12.5936348485755 0
230.3980601991246 71.65525568951701 0
221.8811940059254 43.41951999655323 0
285.2202654904622 41.6334446375076 0
383.9194901175604 84.03214235246341 0
233.3126162398658 86.69518442124819 0
243.5684013472709 96.83660341730426 0
218.9109490261006 77.10264828574012 0
361.839872873874 12.16701421523341 0
90.69257651836799 34.11644133746366 0
369.4081812552685 11.86138608563188 0
359.048832591066 82.42977871116358 0
216.92834002137 41.55491542911962 0
69.38292454305608 62.94970439093902 0
235.2921901402136 85.61877329884751 0
237.541275400147 84.03844034411279 0
354.4122738976795 76.30435775284475 0
232.3584094088744 70.62525674741975 0
244.7460038572121 70.94617728838311 0
357.7212005668127 68.76008922774238 0
233.1994592385814 80.7300982996465 0
176.2175257887564 88.9987532855564 0
219.1252384523472 67.56647999742472 0
217.855553728647 67.3325379083673 0
217.1174702423617 68.78153036833905 0
217.8709835313 70.03321771111969 0
217.7073091427162 71.36122303555355 0
142.9210680969355 86.50560943542438 0
384.0190947378039 11.10964263556473 0
267.4549935600377 18.56186931820116 0
221.8791344969901 41.98134360906717 0
208.9892470136837 94.34907031633308 0
203.4172699706181 94.33626607310885 0
219.8484593867302 95.07710617719653 0
231.6823538233067 91.83657656820023 0
291.3928843669653 14.73995630963154 0
213.5280056410269 79.0446969613953 0
212.9056983933493 89.25257952874679 0
128.841307255798 14.3461722414224 0
212.2916310316367 48.99562987085989 0
216.1335822977516 50.68326738749865 0
214.9780401122503 49.09618769750831 0
229.5790683251851 41.170666630488 0
234.040657112743 64.56401976532085 0
207.4307295519539 53.26257635815055 0
437.0113232162597 27.8098917462589 0
202.8148288566536 62.43505290974589 0
251.6647630534688 68.48692421604071 0
62.33716906432976 67.18611363849678 0
205.0876038426777 33.38602512225044 0
435.4463468358584 50.32692383333791 0
241.3600203038401 55.12588439995015 0
280.9809866891756 35.89983232479612 0
198.1753001934304 78.78135315035058 0
214.8380448956871 43.41638950992355 0
233.3371246469602 61.26926824464749 0
216.6779447381996 49.13912496411986 0
216.8012230558606 46.23145352891807 0
125.1106778635086 94.16825385998914 0
180.4689155483006 61.07794391139561 0
236.5663955155368 21.19367862028337 0
230.4902778868318 75.01369278293014 0
14.10698908340432 82.91220823551988 0
214.8133885419731 46.52805607219713 0
233.8883184465175 57.90788879287759 0
233.6043482850364 76.00489705112868 0
161.431083907205 37.0877146960508 0
436.4011393645139 67.17586251640797 0
237.227734258805 80.50936667729758 0
232.542168835807 94.02336583807261 0
252.4189355807009 37.46596521036724 0
249.7357816853456 44.22434700605007 0
22.37485442803234 40.86448195721685 0
218.4166070335697 94.97710247153597 0
212.2847383534885 35.02789153088242 0
220.7367511456558 41.26860666529412 0
210.3112208013423 26.73653240260012 0
350.7627240537474 20.00310657223361 0
391.0294343508343 10.61334846100577 0
217.6977537663083 32.17029571336863 0
113.3092029761585 14.45166730689775 0
76.46899543414241 12.23459934940941 0
444.4234214094581 79.62496028806311 0
273.4496707632 36.71791649122593 0
434.3459237718785 8.183303361263008 0
217.7422983357325 89.62689006953727 0
32.78515774400098 84.09844149854733 0
217.3126487546346 72.86593486178606 0
12.90164442200513 49.88935265793767 0
235.5635138073494 32.5300376257948 0
220.3064602284218 93.9337398371898 0
230.8176573638131 40.47244350585268 0
191.0070662340962 90.08437841984262 0
142.4062600293664 5.88058586408331 0
10.88884074628955 9.552584568914599 0
295.2801139464864 7.236480450836915 0
112.6507764309152 86.79601517082315 0
175.844745025338 70.38762400392501 0
230.5962327404776 72.87140122695288 0
210.5095926902647 91.88913304034696 0
271.5022184538234 65.29734471600011 0
177.2851575420632 94.81376764324575 0
158.7339229502399 15.18424611728665 0
217.4523169661949 76.23421477999756 0
445.3142899562424 4.775845966065254 0
240.333725483243 94.53829213856778 0
216.0172098947626 64.91668810089025 0
233.348205039124 43.7289844821561 0
233.3878208965448 41.69143750011533 0
217.6342590544363 74.61507567481931 0
217.7786712779111 77.6891678042323 0
434.3647553196675 42.23289128239744 0
398.3431630863598 10.3224449410597 0
233.8606506860605 51.97614047620722 0
230.2740107718471 67.18803859404372 0
231.9561458080634 68.35839888285422 0
199.4860633228905 61.08429666260632 0
218.975249189184 91.47952915794352 0
225.0551317572343 93.82562212031354 0
235.4739530411127 25.95409916047337 0
46.62341032962571 83.99656963311783 0
254.6522184780206 16.38946552053917 0
341.8355532932588 36.29170562769102 0
347.8095931746118 26.36159828209958 0
227.8940939782096 93.85169038581716 0
216.8971558584659 97.46134163621247 0
429.1733098055502 67.5798572107355 0
416.6722371034169 30.55834177604939 0
261.0549572121928 84.67202170949719 0
161.4524701133064 88.87482484855812 0
232.2476288065131 73.0835049284254 0
84.91152464539861 86.69036931141194 0
433.0614132025627 14.98759649706934 0
62.21623025459827 76.1485545423227 0
247.1138042351598 95.72945427418507 0
7.021785797492324 94.0123815797067 0
443.1605666951747 93.91937311020602 0
175.7191584566384 15.34626157011631 0
222.430742840625 93.76007077093392 0
102.1349379609709 12.8520622024295 0
216.0847587524508 85.79477015162252 0
215.49875206994 87.63950359461022 0
309.0544601166989 13.93811841600724 0
405.8557104168441 85.13361620734564 0
405.222846610963 9.608132849999794 0
331.1501415430741 29.53875632000939 0
204.2707549594082 54.6020544736967 0
216.578672157123 44.77001010865956 0
62.71240905869632 84.36724125656477 0
415.4928540310928 41.89055645046675 0
221.4951661740978 54.81642452576479 0
231.4877506003345 94.77560511234428 0
408.8208588182462 30.45082337785995 0
16.14447817480849 8.795553522938231 0
223.2845737304092 53.87568549881253 0
292.8756457527959 40.47245332173447 0
224.1461504148678 51.80618801030967 0
226.044059631266 50.96743675812355 0
435.7211900420187 3.404912327601652 0
28.30653477233375 9.32304852118197 0
417.8569049744453 75.30819178239102 0
233.1282206961362 97.30045992381406 0
235.1716685523709 44.79720577118863 0
431.6084767041685 22.04336394605188 0
229.8578979622435 38.23368300040393 0
295.405667135518 34.37038449408794 0
3.741842474230586 3.998049111584955 0
217.3999074763892 80.50073919078747 0
323.5561393544889 29.46775716383424 0
237.9477575986489 15.37419922074935 0
87.73288065589111 12.64594875490762 0
220.4956794602625 54.18117276021661 0
154.8333751427778 32.870764712982 0
239.555303667118 85.51421146336106 0
41.26424895284187 9.54629773051087 0
98.72831203942343 95.07305535352391 0
231.9590529767498 66.19348118127682 0
217.8718898518747 93.68234876104002 0
167.4376957965777 74.23319688131846 0
214.0737666650054 98.4456587202517 0
257.9727799621739 21.58813632039655 0
441.1748158342717 38.93924068354545 0
197.2475067389115 41.19626064443622 0
190.6692996916009 76.32560154898992 0
307.2993079261281 32.50412917933907 0
219.2938119963551 54.79783385729816 0
210.4744779659183 77.52724401564024 0
412.8703829368879 3.4467905256276 0
197.4732039556874 14.69287914200652 0
235.8534628893912 98.28312223644532 0
218.0421980474517 55.56383128065561 0
234.6673694699521 80.65234353541405 0
424.6998696144973 74.95144254423373 0
231.6045104847877 27.41493282676779 0
316.9325103941878 39.29863198862861 0
190.6100260396832 44.31715436904334 0
199.5472242461525 88.19420683159152 0
12.57347856728965 57.48605926239017 0
215.9259026344076 79.39834369039387 0
219.152719092113 69.71471905064108 0
267.3762334315029 90.86523529523244 0
101.4564719656101 20.77837764234383 0
210.6026568045363 87.01576055012347 0
317.1738392083262 13.56991238637061 0
427.0059277551016 42.15326843283313 0
201.4568294915627 35.4800412559505 0
236.1914025806755 66.67890019102518 0
137.0695623588809 88.92910170105958 0
$EndNodes
$Elements
4 3045 1 3045
1 1 1 3
1 1 17 
2 17 18 
3 18 2 
1 6 1 6
4 6 89 
5 89 90 
6 90 91 
7 91 92 
8 92 93 
9 93 7 
1 11 1 5
10 11 132 
11 132 133 
12 133 134 
13 134 135 
14 135 12 
2 1 2 3031
15 839 1500 1506 
16 856 857 1027 
17 1260 918 1504 
18 597 391 1512 
19 804 894 1033 
20 1177 839 1178 
21 926 914 1260 
22 504 926 1510 
23 648 859 1602 
24 1235 843 1277 
25 628 1277 1409 
26 856 855 857 
27 4 174 1076 
28 92 93 1257 
29 940 227 942 
30 384 382 1119 
31 212 864 991 
32 284 283 1398 
33 1003 204 1008 
34 1368 602 1461 
35 497 575 1402 
36 962 1007 1491 
37 873 220 874 
38 594 1003 1008 
39 936 989 1514 
40 1022 1010 1300 
41 586 1253 1270 
42 1037 193 1117 
43 1369 910 1440 
44 1080 817 1346 
45 1068 1043 1069 
46 336 1010 1022 
47 217 966 967 
48 199 1246 1477 
49 199 1074 1246 
50 1076 174 1553 
51 816 887 1598 
52 283 284 1414 
53 626 1235 1277 
54 46 47 624 
55 894 882 1033 
56 205 968 1455 
57 937 936 1142 
58 929 1042 1045 
59 1276 834 1492 
60 838 747 1500 
61 859 648 1579 
62 942 227 1490 
63 696 659 955 
64 74 1276 1492 
65 872 220 1281 
66 1331 277 1444 
67 1257 93 1501 
68 170 219 882 
69 391 282 1512 
70 929 1045 1502 
71 659 671 955 
72 1352 201 1353 
73 530 397 1021 
74 887 816 1017 
75 812 811 1107 
76 585 851 1011 
77 70 220 873 
78 996 589 1462 
79 962 961 1007 
80 1044 1360 1431 
81 624 47 1030 
82 1178 839 1506 
83 1112 510 1113 
84 371 381 1240 
85 864 212 1291 
86 604 1352 1353 
87 851 585 1447 
88 883 372 885 
89 197 947 1035 
90 888 696 955 
91 968 983 1455 
92 616 1369 1440 
93 947 870 1035 
94 887 886 1598 
95 898 762 1284 
96 174 176 1553 
97 760 945 1593 
98 399 403 1376 
99 935 934 1574 
100 817 1080 1424 
101 511 1368 1461 
102 1419 900 1420 
103 397 399 1021 
104 372 371 1240 
105 372 883 1073 
106 382 835 1119 
107 747 746 1484 
108 65 214 1590 
109 193 1037 1334 
110 1017 786 1232 
111 248 249 1000 
112 98 8 210 
113 880 642 1237 
114 602 1368 1369 
115 604 1349 1352 
116 750 748 1354 
117 913 408 1261 
118 67 5 1001 
119 617 1243 1395 
120 763 1090 1587 
121 221 39 850 
122 15 169 211 
123 1188 284 1398 
124 1041 1044 1431 
125 284 1188 1189 
126 167 168 1255 
127 1291 236 1356 
128 1007 242 1491 
129 624 1030 1235 
130 867 200 1349 
131 604 867 1349 
132 531 384 1119 
133 1055 1056 1266 
134 221 850 1248 
135 187 963 1418 
136 1021 399 1376 
137 1095 248 1505 
138 883 582 1073 
139 1272 1394 1401 
140 200 867 1408 
141 1509 188 1541 
142 1025 833 1441 
143 966 217 1479 
144 1261 408 1337 
145 240 1332 1533 
146 881 270 1448 
147 738 946 1014 
148 746 899 1421 
149 839 1177 1179 
150 1266 1056 1535 
151 953 208 954 
152 1484 1178 1506 
153 196 1327 1336 
154 1006 241 1532 
155 210 1447 1508 
156 866 330 1234 
157 1412 865 1465 
158 986 209 1005 
159 882 219 1033 
160 864 1291 1356 
161 1042 929 1387 
162 330 866 1270 
163 878 223 1038 
164 859 860 1602 
165 1014 752 1015 
166 835 1331 1444 
167 1253 330 1270 
168 947 197 949 
169 1380 1110 1456 
170 145 863 1362 
171 212 991 1009 
172 1327 588 1336 
173 642 880 1513 
174 981 980 1274 
175 5 68 1001 
176 1097 231 1350 
177 885 372 1240 
178 757 1380 1456 
179 1010 336 1265 
180 1097 1350 1567 
181 605 1509 1541 
182 220 71 1281 
183 696 888 1004 
184 799 1174 1175 
185 649 653 957 
186 222 854 1374 
187 201 1039 1361 
188 391 597 1573 
189 241 912 997 
190 220 872 1426 
191 285 281 996 
192 254 408 913 
193 248 1000 1505 
194 632 707 1025 
195 1289 763 1290 
196 274 276 910 
197 860 802 861 
198 961 219 1007 
199 932 934 935 
200 259 270 881 
201 945 946 1593 
202 283 281 1527 
203 866 1234 1293 
204 984 216 1115 
205 1069 1043 1558 
206 43 215 879 
207 184 929 1502 
208 589 996 1109 
209 1353 201 1361 
210 863 145 1498 
211 15 211 852 
212 994 993 995 
213 726 762 898 
214 281 283 1414 
215 819 812 1107 
216 223 878 1256 
217 1191 391 1573 
218 1015 752 1580 
219 1027 1071 1211 
220 653 713 957 
221 911 329 1103 
222 238 69 873 
223 1243 191 1395 
224 215 44 896 
225 620 365 1562 
226 336 1016 1265 
227 286 285 1140 
228 549 1016 1077 
229 1495 283 1527 
230 854 222 1540 
231 981 1274 1545 
232 361 364 1109 
233 365 620 1581 
234 225 1080 1346 
235 169 170 882 
236 243 95 993 
237 949 197 988 
238 1344 229 1576 
239 1234 327 1293 
240 676 1017 1232 
241 1378 680 1406 
242 736 735 1024 
243 282 284 1512 
244 65 66 214 
245 1249 684 1377 
246 282 281 1414 
247 623 1508 1601 
248 1174 799 1176 
249 43 44 215 
250 223 1256 1295 
251 1109 364 1465 
252 816 786 1017 
253 626 624 1235 
254 221 1354 1534 
255 281 279 996 
256 963 187 1034 
257 879 215 1375 
258 1409 844 1451 
259 739 719 855 
260 511 574 1368 
261 895 196 1295 
262 172 242 1007 
263 1107 811 1382 
264 955 671 956 
265 828 739 829 
266 1253 586 1497 
267 628 1409 1451 
268 939 1098 1306 
269 990 1152 1482 
270 1044 1317 1318 
271 735 788 1024 
272 272 274 307 
273 960 736 1024 
274 734 897 1476 
275 995 1442 1560 
276 168 852 1255 
277 722 724 899 
278 891 777 1547 
279 930 932 1344 
280 238 927 1566 
281 307 274 910 
282 210 851 1447 
283 1037 1117 1382 
284 777 891 1551 
285 276 279 280 
286 280 279 281 
287 887 1378 1406 
288 1388 597 1512 
289 284 282 1414 
290 1394 1008 1401 
291 40 239 850 
292 1412 364 1570 
293 597 1388 1511 
294 364 1412 1465 
295 95 96 993 
296 68 69 238 
297 1115 216 1255 
298 40 41 239 
299 751 802 860 
300 994 995 1529 
301 930 1344 1576 
302 1442 615 1560 
303 1256 895 1295 
304 307 910 1369 
305 210 8 851 
306 763 765 1090 
307 78 79 988 
308 1465 865 1588 
309 164 13 1532 
310 10 103 1533 
311 280 281 282 
312 762 763 1289 
313 874 571 1577 
314 840 828 1428 
315 855 740 857 
316 963 1024 1418 
317 329 911 1102 
318 894 831 1485 
319 140 141 183 
320 126 127 184 
321 215 896 897 
322 762 745 763 
323 911 1241 1467 
324 934 936 1574 
325 171 172 1007 
326 840 142 1429 
327 249 252 1000 
328 936 934 989 
329 217 967 1464 
330 243 993 994 
331 1044 1318 1360 
332 1420 900 1421 
333 337 546 1084 
334 68 238 1001 
335 1080 198 1424 
336 945 192 946 
337 944 1012 1013 
338 277 1331 1415 
339 938 939 1306 
340 726 745 762 
341 1248 750 1354 
342 1447 853 1508 
343 765 1088 1089 
344 964 222 1374 
345 910 276 1603 
346 799 1178 1484 
347 287 268 1319 
348 708 709 722 
349 105 222 964 
350 588 1039 1336 
351 652 651 693 
352 749 751 859 
353 831 894 1469 
354 270 272 1047 
355 196 895 1327 
356 404 402 1270 
357 1004 1040 1296 
358 197 78 988 
359 178 1067 1069 
360 216 167 1255 
361 623 836 1508 
362 912 241 1459 
363 178 1069 1070 
364 645 1025 1441 
365 158 1274 1280 
366 724 726 898 
367 694 693 708 
368 1016 320 1077 
369 851 99 1011 
370 510 1112 1510 
371 140 183 930 
372 208 37 954 
373 63 64 190 
374 719 705 740 
375 1379 239 1391 
376 1096 688 1313 
377 224 162 997 
378 825 1086 1477 
379 45 46 189 
380 66 67 877 
381 252 254 913 
382 799 1175 1178 
383 64 65 958 
384 530 1021 1597 
385 722 709 724 
386 42 43 879 
387 270 271 272 
388 719 740 855 
389 184 127 929 
390 1216 286 1458 
391 795 998 999 
392 859 751 860 
393 8 99 851 
394 574 1047 1368 
395 956 736 1575 
396 63 190 244 
397 723 722 746 
398 141 142 840 
399 821 1249 1377 
400 569 911 1467 
401 211 169 882 
402 272 273 274 
403 125 126 1403 
404 647 644 651 
405 954 221 1534 
406 286 1216 1495 
407 69 70 873 
408 211 882 894 
409 285 286 1527 
410 200 938 1306 
411 944 1013 1569 
412 795 731 998 
413 1039 588 1361 
414 286 1495 1527 
415 274 275 276 
416 608 607 991 
417 897 734 1304 
418 276 278 279 
419 708 693 709 
420 571 874 1426 
421 1304 710 1446 
422 843 1235 1472 
423 805 962 1239 
424 254 256 408 
425 746 722 899 
426 238 873 1347 
427 189 46 624 
428 652 693 694 
429 991 607 1009 
430 1108 369 1542 
431 142 143 945 
432 45 189 896 
433 831 832 1485 
434 70 71 220 
435 723 837 1105 
436 143 192 945 
437 38 39 221 
438 875 544 1546 
439 748 758 1354 
440 103 240 1533 
441 241 164 1532 
442 129 130 1070 
443 746 1423 1484 
444 696 1004 1296 
445 219 961 1033 
446 1016 549 1265 
447 216 984 1305 
448 874 220 1426 
449 1274 980 1280 
450 739 855 1599 
451 381 617 1240 
452 813 1096 1313 
453 1508 853 1601 
454 107 204 1003 
455 1044 1041 1466 
456 647 651 652 
457 930 931 932 
458 361 363 364 
459 1310 859 1579 
460 1542 369 1565 
461 1002 972 1263 
462 946 738 1593 
463 763 764 765 
464 484 1193 1318 
465 402 586 1270 
466 209 160 1005 
467 897 896 1476 
468 713 749 957 
469 936 937 1574 
470 1463 695 1569 
471 1012 759 1013 
472 1067 178 1094 
473 38 221 954 
474 99 100 1011 
475 652 704 1250 
476 100 217 1011 
477 268 329 1319 
478 1485 832 1594 
479 723 746 747 
480 708 722 723 
481 628 626 1277 
482 932 933 934 
483 939 1272 1401 
484 736 960 1575 
485 953 759 1012 
486 122 1019 1020 
487 1026 702 1268 
488 1363 976 1365 
489 682 1363 1365 
490 123 191 1019 
491 259 261 270 
492 1101 531 1119 
493 1025 707 1436 
494 265 263 1103 
495 252 913 1000 
496 240 104 964 
497 240 964 965 
498 738 1014 1015 
499 130 178 1070 
500 708 723 1105 
501 142 945 1429 
502 705 1105 1583 
503 731 711 998 
504 614 611 864 
505 211 894 1485 
506 39 40 850 
507 632 630 707 
508 36 208 1036 
509 1102 572 1480 
510 645 634 1025 
511 574 1372 1448 
512 742 805 992 
513 1035 870 1600 
514 966 965 967 
515 740 705 1583 
516 879 1379 1391 
517 1115 832 1273 
518 368 1028 1258 
519 647 652 1250 
520 35 36 1036 
521 986 1005 1517 
522 749 750 751 
523 163 241 997 
524 705 694 1105 
525 44 45 896 
526 611 608 991 
527 952 368 1519 
528 191 124 1283 
529 937 1142 1487 
530 96 218 993 
531 245 1371 1561 
532 403 878 1376 
533 1319 1102 1480 
534 899 724 1503 
535 1026 944 1343 
536 62 63 244 
537 284 1388 1512 
538 139 140 1576 
539 824 1087 1088 
540 561 401 1029 
541 187 147 1034 
542 578 1402 1411 
543 1066 1067 1094 
544 62 244 1031 
545 988 79 1114 
546 634 632 1025 
547 96 97 218 
548 104 105 964 
549 715 779 1079 
550 589 584 1462 
551 827 1026 1268 
552 312 368 1258 
553 324 336 1022 
554 961 803 1033 
555 1004 756 1040 
556 222 106 1003 
557 127 128 1586 
558 103 104 240 
559 888 809 1004 
560 163 164 241 
561 1180 1173 1201 
562 1142 936 1514 
563 864 611 991 
564 737 719 739 
565 792 1115 1273 
566 364 1073 1570 
567 77 197 1035 
568 1013 1463 1569 
569 161 224 1005 
570 1438 1436 1460 
571 1062 1116 1254 
572 1284 762 1288 
573 208 953 1499 
574 983 1078 1604 
575 833 1025 1436 
576 408 256 881 
577 488 1190 1192 
578 832 1115 1594 
579 927 238 1347 
580 123 124 191 
581 724 725 726 
582 143 144 192 
583 240 965 966 
584 642 638 1237 
585 999 778 1314 
586 546 555 1084 
587 162 163 997 
588 286 1140 1458 
589 926 1337 1510 
590 339 325 1081 
591 803 804 1033 
592 280 282 391 
593 106 107 1003 
594 279 293 996 
595 121 122 1020 
596 160 161 1005 
597 170 171 219 
598 327 987 1293 
599 809 756 1004 
600 636 645 1237 
601 1061 1064 1066 
602 105 106 222 
603 325 326 1081 
604 736 956 1494 
605 1335 983 1604 
606 837 747 838 
607 94 95 243 
608 1002 1263 1572 
609 161 162 224 
610 729 742 778 
611 778 742 992 
612 1337 408 1372 
613 76 77 1035 
614 726 744 745 
615 219 171 1007 
616 37 38 954 
617 1168 1179 1292 
618 186 121 1020 
619 1320 331 1325 
620 718 705 719 
621 401 400 1029 
622 945 760 1429 
623 606 605 607 
624 749 859 957 
625 754 795 1037 
626 270 261 271 
627 1037 795 1334 
628 760 739 828 
629 3 42 1391 
630 655 1046 1110 
631 172 173 242 
632 592 893 1449 
633 1086 199 1477 
634 329 265 1103 
635 324 322 336 
636 147 148 1034 
637 866 404 1270 
638 987 327 1320 
639 1084 267 1393 
640 199 32 1074 
641 1243 530 1597 
642 272 307 1047 
643 555 569 1084 
644 272 271 273 
645 1115 1255 1594 
646 805 961 962 
647 751 801 802 
648 320 317 1077 
649 963 960 1024 
650 368 952 1520 
651 244 190 245 
652 713 748 749 
653 1362 846 1489 
654 306 269 1253 
655 890 889 960 
656 704 694 705 
657 922 1309 1321 
658 703 753 1085 
659 32 33 1074 
660 756 714 1040 
661 703 699 711 
662 951 988 1114 
663 550 561 598 
664 941 944 1026 
665 818 888 889 
666 915 333 1118 
667 636 634 645 
668 692 703 1085 
669 640 638 642 
670 824 770 1087 
671 817 809 818 
672 894 804 1469 
673 120 186 1038 
674 1001 238 1566 
675 855 856 1599 
676 987 1320 1325 
677 204 108 1098 
678 829 739 1599 
679 581 578 1411 
680 114 115 1039 
681 274 273 275 
682 569 570 911 
683 276 275 278 
684 693 651 1366 
685 925 1130 1324 
686 555 557 569 
687 992 805 1239 
688 235 1060 1066 
689 857 740 1433 
690 550 401 561 
691 846 752 1014 
692 279 278 293 
693 643 642 644 
694 374 400 401 
695 1179 1180 1292 
696 226 76 1035 
697 1060 1061 1066 
698 601 600 605 
699 1066 1064 1067 
700 509 511 1461 
701 861 802 862 
702 93 7 1501 
703 30 31 1086 
704 185 134 1049 
705 133 185 1065 
706 231 30 1086 
707 326 324 1022 
708 438 1180 1201 
709 692 699 703 
710 650 641 1046 
711 122 123 1019 
712 72 73 207 
713 599 598 600 
714 107 108 204 
715 899 1287 1420 
716 36 37 208 
717 544 875 1601 
718 742 803 805 
719 1079 779 1301 
720 322 320 1016 
721 827 941 1026 
722 692 698 699 
723 779 831 1469 
724 186 1020 1021 
725 323 322 324 
726 703 711 731 
727 1177 1173 1180 
728 818 889 890 
729 1171 1181 1205 
730 1150 488 1192 
731 1190 1191 1192 
732 1174 1176 1181 
733 754 731 795 
734 120 121 186 
735 890 960 963 
736 932 935 1344 
737 646 644 647 
738 580 583 1045 
739 159 160 209 
740 146 147 187 
741 97 98 1326 
742 808 756 809 
743 543 388 544 
744 369 928 1565 
745 1060 235 1065 
746 549 401 550 
747 243 994 1257 
748 1058 1143 1535 
749 1288 762 1289 
750 328 1333 1341 
751 362 360 1331 
752 196 117 1295 
753 1021 1020 1597 
754 374 373 400 
755 711 729 998 
756 400 563 1029 
757 148 225 1034 
758 889 888 955 
759 811 754 1037 
760 326 1022 1023 
761 765 810 1437 
762 885 1240 1395 
763 1309 203 1321 
764 818 809 888 
765 1019 191 1243 
766 75 76 226 
767 592 618 893 
768 689 691 692 
769 1239 962 1550 
770 321 320 322 
771 808 809 817 
772 364 363 1073 
773 1027 857 1071 
774 316 373 374 
775 223 119 1038 
776 1072 539 1339 
777 543 544 853 
778 245 247 248 
779 110 111 200 
780 993 218 995 
781 998 778 999 
782 239 41 1391 
783 388 339 1081 
784 922 915 1118 
785 694 708 1105 
786 316 314 373 
787 711 712 729 
788 33 227 1074 
789 1040 665 1296 
790 743 714 756 
791 1051 1060 1065 
792 729 732 742 
793 795 999 1334 
794 484 1318 1521 
795 950 949 951 
796 983 780 1078 
797 16 257 1075 
798 766 4 1076 
799 77 78 197 
800 7 94 1501 
801 156 157 206 
802 33 34 227 
803 285 996 1462 
804 201 114 1039 
805 735 721 752 
806 938 200 1408 
807 941 943 944 
808 192 1362 1489 
809 743 756 808 
810 609 1524 1549 
811 334 1339 1345 
812 1235 182 1472 
813 240 966 1332 
814 685 687 688 
815 244 245 1561 
816 312 310 368 
817 158 159 1274 
818 1113 508 1124 
819 630 628 1451 
820 530 1243 1525 
821 715 741 779 
822 150 198 1080 
823 118 119 223 
824 612 611 614 
825 657 655 1110 
826 400 503 563 
827 770 768 1087 
828 227 940 1435 
829 389 531 1297 
830 148 149 225 
831 119 120 1038 
832 185 1051 1065 
833 869 870 871 
834 135 12 234 
835 11 132 235 
836 336 322 1016 
837 1355 1120 1381 
838 550 598 599 
839 128 129 228 
840 138 139 229 
841 948 947 949 
842 601 605 606 
843 948 949 950 
844 333 308 1118 
845 1181 985 1205 
846 1171 1174 1181 
847 1283 885 1395 
848 406 388 543 
849 871 870 947 
850 925 1324 1342 
851 852 211 1485 
852 357 1112 1113 
853 256 259 881 
854 622 869 928 
855 688 689 1085 
856 681 683 684 
857 357 1111 1112 
858 871 947 948 
859 649 957 1592 
860 363 372 1073 
861 689 692 1085 
862 544 388 1081 
863 729 778 998 
864 334 1072 1339 
865 315 314 316 
866 655 650 1046 
867 374 401 549 
868 698 715 1079 
869 788 752 846 
870 753 731 754 
871 29 231 1097 
872 387 339 388 
873 136 177 1093 
874 178 131 1094 
875 1056 1058 1535 
876 692 691 698 
877 133 134 185 
878 113 114 201 
879 357 1113 1124 
880 860 861 1446 
881 234 12 1093 
882 11 235 1094 
883 31 32 199 
884 944 943 1012 
885 659 657 671 
886 968 205 1493 
887 850 239 1585 
888 191 1283 1395 
889 714 667 1040 
890 1264 782 1268 
891 248 1095 1371 
892 313 312 314 
893 153 154 205 
894 400 373 503 
895 684 685 1096 
896 779 741 831 
897 685 688 1096 
898 610 608 611 
899 314 312 1258 
900 688 1085 1313 
901 599 600 601 
902 951 949 988 
903 671 657 1110 
904 374 549 1077 
905 235 132 1065 
906 135 234 1049 
907 688 687 689 
908 325 324 326 
909 869 868 870 
910 80 81 230 
911 1099 380 1100 
912 31 199 1086 
913 928 369 1591 
914 556 554 1347 
915 985 900 1419 
916 29 30 231 
917 203 1130 1321 
918 376 378 587 
919 357 341 1111 
920 1333 1072 1341 
921 620 621 622 
922 12 136 1093 
923 292 327 1234 
924 131 11 1094 
925 792 984 1115 
926 288 290 330 
927 1343 944 1569 
928 684 683 685 
929 1067 1064 1068 
930 71 72 1281 
931 711 699 712 
932 755 754 811 
933 622 868 869 
934 319 317 320 
935 269 288 1253 
936 702 1264 1268 
937 132 133 1065 
938 134 135 1049 
939 1089 847 1090 
940 680 681 1249 
941 311 310 312 
942 316 374 1077 
943 684 1096 1377 
944 1087 841 1088 
945 953 1012 1499 
946 110 200 1306 
947 667 665 1040 
948 116 117 196 
949 680 679 681 
950 618 619 620 
951 815 816 825 
952 321 322 323 
953 677 679 680 
954 763 745 764 
955 376 587 1269 
956 977 979 982 
957 730 714 743 
958 266 306 1242 
959 841 847 1089 
960 27 28 195 
961 284 1189 1388 
962 150 151 198 
963 550 599 1265 
964 305 304 310 
965 749 748 750 
966 108 109 1098 
967 1175 1177 1178 
968 317 316 1077 
969 304 302 1108 
970 948 950 952 
971 974 975 976 
972 341 309 1111 
973 335 287 1319 
974 27 195 1106 
975 772 841 1087 
976 1048 535 1325 
977 1039 115 1336 
978 563 503 564 
979 968 780 983 
980 303 302 304 
981 288 330 1253 
982 815 786 816 
983 724 709 725 
984 331 1048 1325 
985 406 543 585 
986 1062 1054 1116 
987 706 667 714 
988 1067 1068 1069 
989 828 840 1429 
990 1088 841 1089 
991 1111 504 1112 
992 130 131 178 
993 136 137 177 
994 1002 206 1351 
995 1179 1177 1180 
996 82 83 194 
997 887 1017 1378 
998 785 783 786 
999 81 82 1104 
1000 25 26 232 
1001 620 619 621 
1002 276 280 1603 
1003 387 388 406 
1004 332 504 1111 
1005 1054 1052 1116 
1006 35 1036 1490 
1007 703 731 753 
1008 622 621 868 
1009 989 1370 1514 
1010 735 752 788 
1011 681 682 683 
1012 771 796 1120 
1013 558 1121 1122 
1014 728 701 1298 
1015 344 347 1121 
1016 323 324 325 
1017 347 390 1121 
1018 342 344 1121 
1019 235 1066 1094 
1020 359 345 1124 
1021 508 359 1124 
1022 345 343 1124 
1023 1121 390 1122 
1024 1135 909 1285 
1025 490 491 1229 
1026 1286 908 1287 
1027 1285 909 1286 
1028 418 420 1230 
1029 1144 490 1229 
1030 909 908 1286 
1031 1287 1138 1420 
1032 908 1138 1287 
1033 514 416 1125 
1034 416 418 1125 
1035 909 1135 1227 
1036 1125 418 1230 
1037 1123 514 1125 
1038 903 909 1227 
1039 903 1227 1229 
1040 491 903 1229 
1041 514 1123 1126 
1042 1129 1226 1228 
1043 411 413 1127 
1044 420 490 1230 
1045 490 1144 1230 
1046 1226 1127 1228 
1047 413 514 1127 
1048 1126 1123 1132 
1049 354 1126 1132 
1050 411 1127 1226 
1051 354 348 1128 
1052 514 1126 1127 
1053 1128 1129 1228 
1054 348 346 1128 
1055 370 394 1129 
1056 358 370 1129 
1057 1129 394 1226 
1058 390 349 1131 
1059 499 352 1132 
1060 1123 499 1132 
1061 352 350 1132 
1062 355 777 1131 
1063 921 919 1130 
1064 351 355 1131 
1065 849 1133 1134 
1066 849 1134 1288 
1067 849 794 1133 
1068 849 1288 1289 
1069 1133 794 1136 
1070 1134 1284 1288 
1071 414 513 1136 
1072 513 1133 1136 
1073 353 414 1136 
1074 489 1155 1207 
1075 848 1289 1290 
1076 1155 567 1207 
1077 466 464 1141 
1078 356 353 1136 
1079 1215 1159 1217 
1080 488 1150 1197 
1081 794 356 1136 
1082 453 456 1169 
1083 1207 567 1212 
1084 1141 485 1143 
1085 457 453 1169 
1086 464 467 1141 
1087 567 500 1212 
1088 466 1141 1142 
1089 1169 1210 1211 
1090 430 427 1202 
1091 1196 1162 1203 
1092 902 906 1138 
1093 1150 1148 1197 
1094 1147 1146 1189 
1095 454 458 1199 
1096 1146 1149 1189 
1097 443 451 1156 
1098 456 1200 1210 
1099 518 521 1158 
1100 1137 848 1290 
1101 516 495 1195 
1102 429 428 1170 
1103 1145 492 1146 
1104 445 443 1156 
1105 793 848 1137 
1106 425 492 1145 
1107 447 1162 1196 
1108 1222 1198 1223 
1109 1139 595 1140 
1110 498 518 1158 
1111 428 431 1170 
1112 495 481 1195 
1113 496 430 1202 
1114 1151 463 1152 
1115 1175 1173 1177 
1116 527 595 1139 
1117 1169 456 1210 
1118 1186 1147 1188 
1119 1172 1173 1175 
1120 460 463 1151 
1121 436 434 1154 
1122 1156 451 1157 
1123 458 1151 1199 
1124 456 1199 1200 
1125 1204 1209 1213 
1126 473 470 1159 
1127 1154 434 1184 
1128 1204 448 1209 
1129 1214 480 1221 
1130 429 1170 1171 
1131 1155 1215 1217 
1132 1188 1147 1189 
1133 1183 429 1205 
1134 417 415 1197 
1135 500 480 1214 
1136 427 1145 1202 
1137 426 429 1183 
1138 1171 1172 1174 
1139 459 515 1206 
1140 1212 500 1214 
1141 470 468 1159 
1142 415 488 1197 
1143 1145 1146 1147 
1144 1142 1141 1143 
1145 1194 493 1208 
1146 456 454 1199 
1147 1172 483 1173 
1148 488 412 1190 
1149 1163 1165 1166 
1150 1149 1148 1150 
1151 1151 1152 1153 
1152 467 485 1141 
1153 423 419 1161 
1154 501 500 567 
1155 1185 496 1186 
1156 412 410 1190 
1157 1134 1135 1284 
1158 848 849 1289 
1159 1146 492 1148 
1160 498 516 517 
1161 480 1156 1221 
1162 1133 905 1134 
1163 522 523 524 
1164 1148 492 1161 
1165 1163 457 1164 
1166 486 436 1154 
1167 480 445 1156 
1168 431 483 1170 
1169 413 416 514 
1170 464 465 467 
1171 434 432 1184 
1172 908 902 1138 
1173 903 902 908 
1174 449 445 480 
1175 1164 457 1169 
1176 1162 1163 1203 
1177 793 794 848 
1178 418 417 419 
1179 904 512 1144 
1180 830 793 1137 
1181 432 496 1184 
1182 1185 1216 1225 
1183 446 445 449 
1184 460 462 463 
1185 467 469 485 
1186 429 1171 1205 
1187 494 481 495 
1188 431 433 483 
1189 472 470 473 
1190 421 424 1182 
1191 471 470 472 
1192 524 525 526 
1193 433 434 435 
1194 479 478 1160 
1195 1134 905 1135 
1196 472 473 474 
1197 474 473 475 
1198 468 487 1159 
1199 474 475 476 
1200 568 567 1155 
1201 447 448 450 
1202 482 481 494 
1203 498 517 518 
1204 458 459 460 
1205 413 415 416 
1206 1146 1148 1149 
1207 527 525 528 
1208 1166 1165 1167 
1209 476 477 478 
1210 444 443 445 
1211 1148 1161 1197 
1212 425 423 492 
1213 439 436 486 
1214 454 452 455 
1215 431 432 433 
1216 424 423 425 
1217 435 434 436 
1218 437 436 439 
1219 460 459 461 
1220 419 417 1161 
1221 421 419 423 
1222 435 438 1201 
1223 1284 1135 1285 
1224 427 425 1145 
1225 444 445 446 
1226 902 901 906 
1227 566 499 1123 
1228 472 474 484 
1229 476 478 479 
1230 497 498 1158 
1231 467 468 469 
1232 460 461 462 
1233 478 481 482 
1234 487 1206 1218 
1235 435 436 437 
1236 478 477 481 
1237 454 455 458 
1238 524 523 525 
1239 418 419 420 
1240 526 525 527 
1241 527 528 529 
1242 424 425 426 
1243 435 437 438 
1244 907 1183 1205 
1245 490 422 491 
1246 420 419 421 
1247 1167 1165 1373 
1248 416 417 418 
1249 501 567 568 
1250 793 356 794 
1251 1163 1164 1165 
1252 527 529 595 
1253 443 441 451 
1254 491 422 901 
1255 1166 1167 1168 
1256 492 423 1161 
1257 458 460 1151 
1258 440 441 442 
1259 450 448 452 
1260 453 452 454 
1261 476 475 477 
1262 431 430 432 
1263 444 447 1196 
1264 464 461 465 
1265 428 427 430 
1266 526 527 1139 
1267 426 425 427 
1268 433 432 434 
1269 437 439 440 
1270 440 439 441 
1271 442 441 443 
1272 452 448 1204 
1273 450 453 457 
1274 458 455 459 
1275 420 422 490 
1276 462 464 466 
1277 497 495 498 
1278 1190 603 1191 
1279 1161 417 1197 
1280 518 519 520 
1281 521 520 522 
1282 440 442 493 
1283 450 452 453 
1284 444 446 447 
1285 498 495 516 
1286 1184 496 1185 
1287 453 454 456 
1288 467 465 468 
1289 1174 1172 1175 
1290 459 455 515 
1291 442 443 444 
1292 432 430 496 
1293 420 421 422 
1294 433 435 1201 
1295 513 512 904 
1296 426 428 429 
1297 491 901 902 
1298 518 520 521 
1299 426 427 428 
1300 428 430 431 
1301 447 446 448 
1302 767 793 830 
1303 512 566 1144 
1304 449 480 500 
1305 421 423 424 
1306 566 1123 1125 
1307 491 902 903 
1308 512 499 566 
1309 469 468 470 
1310 449 500 501 
1311 415 412 488 
1312 462 461 464 
1313 1171 1170 1172 
1314 469 470 471 
1315 477 475 489 
1316 411 410 412 
1317 907 901 1182 
1318 518 517 519 
1319 767 356 793 
1320 411 412 413 
1321 413 412 415 
1322 416 415 417 
1323 468 465 487 
1324 1187 1186 1188 
1325 410 603 1190 
1326 903 908 909 
1327 906 907 985 
1328 1186 496 1202 
1329 513 904 905 
1330 410 409 603 
1331 483 433 1201 
1332 522 520 523 
1333 494 495 497 
1334 1162 457 1163 
1335 906 901 907 
1336 1185 1186 1187 
1337 476 479 1193 
1338 451 441 1198 
1339 422 421 1182 
1340 901 422 1182 
1341 396 410 411 
1342 1151 1153 1199 
1343 478 482 1160 
1344 513 905 1133 
1345 848 794 849 
1346 595 529 596 
1347 355 767 777 
1348 455 452 1204 
1349 441 439 1198 
1350 439 486 1198 
1351 493 1196 1203 
1352 1170 483 1172 
1353 414 512 513 
1354 1147 1186 1202 
1355 516 1195 1207 
1356 1173 483 1201 
1357 493 1203 1208 
1358 424 426 1183 
1359 473 1159 1215 
1360 450 457 1162 
1361 484 474 1193 
1362 440 493 1194 
1363 907 1182 1183 
1364 1163 1166 1203 
1365 1209 501 1213 
1366 1199 1153 1200 
1367 481 477 1195 
1368 438 437 1194 
1369 1182 424 1183 
1370 1206 515 1218 
1371 985 907 1205 
1372 447 450 1162 
1373 1145 1147 1202 
1374 1195 489 1207 
1375 474 476 1193 
1376 1164 1169 1211 
1377 1155 489 1215 
1378 528 525 1220 
1379 355 356 767 
1380 515 455 1204 
1381 396 409 410 
1382 414 499 512 
1383 1203 1166 1208 
1384 487 465 1206 
1385 528 1222 1223 
1386 442 444 1196 
1387 1166 1168 1208 
1388 461 459 1206 
1389 516 1207 1212 
1390 477 489 1195 
1391 437 440 1194 
1392 493 442 1196 
1393 1159 487 1217 
1394 515 1204 1213 
1395 465 461 1206 
1396 448 446 1209 
1397 501 568 1213 
1398 449 501 1209 
1399 1217 487 1218 
1400 489 475 1215 
1401 1156 1157 1221 
1402 517 516 1212 
1403 446 449 1209 
1404 1216 596 1225 
1405 1213 568 1218 
1406 451 1198 1222 
1407 1185 1187 1216 
1408 515 1213 1218 
1409 520 519 1219 
1410 519 517 1214 
1411 475 473 1215 
1412 568 1217 1218 
1413 525 523 1220 
1414 523 1219 1220 
1415 568 1155 1217 
1416 517 1212 1214 
1417 523 520 1219 
1418 355 353 356 
1419 414 352 499 
1420 396 395 409 
1421 528 1220 1222 
1422 519 1214 1221 
1423 1219 1157 1220 
1424 1157 1219 1221 
1425 1198 486 1223 
1426 1157 451 1222 
1427 1219 519 1221 
1428 529 528 1223 
1429 1224 1154 1225 
1430 1184 1185 1225 
1431 486 1154 1224 
1432 596 1224 1225 
1433 1223 486 1224 
1434 1220 1157 1222 
1435 1154 1184 1225 
1436 596 529 1224 
1437 529 1223 1224 
1438 394 395 396 
1439 351 353 355 
1440 353 352 414 
1441 925 921 1130 
1442 923 924 1095 
1443 394 393 395 
1444 351 352 353 
1445 924 921 925 
1446 349 351 1131 
1447 350 354 1132 
1448 351 350 352 
1449 370 393 394 
1450 923 921 924 
1451 843 842 1277 
1452 370 392 393 
1453 349 350 351 
1454 920 921 923 
1455 350 348 354 
1456 392 359 508 
1457 807 843 845 
1458 347 349 390 
1459 920 919 921 
1460 807 842 843 
1461 349 348 350 
1462 370 359 392 
1463 918 919 920 
1464 807 806 842 
1465 347 348 349 
1466 358 359 370 
1467 1128 358 1129 
1468 396 411 1226 
1469 358 345 359 
1470 347 346 348 
1471 346 358 1128 
1472 798 806 807 
1473 918 917 919 
1474 394 396 1226 
1475 1135 905 1227 
1476 917 915 922 
1477 346 345 358 
1478 344 346 347 
1479 798 797 806 
1480 916 917 918 
1481 1126 354 1228 
1482 905 904 1227 
1483 354 1128 1228 
1484 1127 1126 1228 
1485 1227 904 1229 
1486 1144 566 1230 
1487 904 1144 1229 
1488 1061 1063 1064 
1489 1058 1057 1059 
1490 796 797 798 
1491 916 915 917 
1492 344 345 346 
1493 566 1125 1230 
1494 1061 1062 1063 
1495 1056 1057 1058 
1496 343 357 1124 
1497 344 343 345 
1498 914 915 916 
1499 796 776 797 
1500 1061 1054 1062 
1501 1056 1053 1057 
1502 342 343 344 
1503 558 342 1121 
1504 914 333 915 
1505 771 776 796 
1506 343 341 357 
1507 1122 390 1231 
1508 390 1131 1231 
1509 1055 1053 1056 
1510 1060 1054 1061 
1511 1052 1055 1116 
1512 340 342 558 
1513 841 774 847 
1514 891 773 892 
1515 367 333 914 
1516 771 775 776 
1517 775 770 824 
1518 332 367 504 
1519 342 341 343 
1520 1131 777 1231 
1521 74 75 1276 
1522 1051 1054 1060 
1523 1052 1053 1055 
1524 774 773 891 
1525 769 771 1120 
1526 332 333 367 
1527 772 774 841 
1528 340 341 342 
1529 771 770 775 
1530 124 125 1283 
1531 230 81 1104 
1532 672 673 1232 
1533 673 670 674 
1534 932 931 933 
1535 503 373 1258 
1536 786 783 1232 
1537 337 1084 1393 
1538 792 912 984 
1539 262 380 1099 
1540 1051 1052 1054 
1541 1052 1050 1053 
1542 772 773 774 
1543 769 770 771 
1544 309 332 1111 
1545 340 309 341 
1546 332 308 333 
1547 168 15 852 
1548 319 320 321 
1549 137 138 1091 
1550 1098 109 1306 
1551 805 803 961 
1552 1339 1048 1345 
1553 1041 579 1042 
1554 676 675 677 
1555 963 1034 1526 
1556 174 175 176 
1557 1028 503 1258 
1558 606 607 608 
1559 922 1118 1315 
1560 541 539 1072 
1561 753 754 755 
1562 743 808 1078 
1563 680 1249 1406 
1564 315 316 317 
1565 673 676 1232 
1566 206 1002 1572 
1567 976 975 977 
1568 297 299 331 
1569 1051 1050 1052 
1570 768 772 1087 
1571 769 768 770 
1572 257 309 340 
1573 309 308 332 
1574 772 766 773 
1575 785 786 815 
1576 23 24 193 
1577 681 684 1249 
1578 814 812 819 
1579 599 1010 1265 
1580 715 716 741 
1581 228 1387 1586 
1582 313 314 315 
1583 200 111 1349 
1584 554 927 1347 
1585 79 80 1114 
1586 780 743 1078 
1587 292 295 327 
1588 154 155 1263 
1589 302 369 1108 
1590 878 502 1256 
1591 729 712 732 
1592 723 747 837 
1593 157 158 1280 
1594 301 300 302 
1595 472 484 1254 
1596 303 304 305 
1597 311 312 313 
1598 971 974 1252 
1599 783 672 1232 
1600 673 675 676 
1601 672 670 673 
1602 1013 759 1298 
1603 378 405 560 
1604 971 973 974 
1605 302 300 369 
1606 970 971 1252 
1607 1110 1046 1456 
1608 827 940 941 
1609 149 150 1080 
1610 22 23 1083 
1611 982 979 1244 
1612 730 743 780 
1613 699 698 1079 
1614 727 787 792 
1615 681 679 682 
1616 25 232 1117 
1617 84 85 233 
1618 706 714 730 
1619 790 789 791 
1620 1254 1116 1515 
1621 28 29 1097 
1622 83 84 1233 
1623 677 678 679 
1624 698 700 715 
1625 955 956 1575 
1626 1099 1100 1358 
1627 654 650 655 
1628 742 732 803 
1629 677 675 678 
1630 185 1049 1050 
1631 1108 952 1519 
1632 301 303 334 
1633 305 310 311 
1634 685 686 687 
1635 953 954 1534 
1636 534 536 588 
1637 202 1355 1381 
1638 301 302 303 
1639 689 690 691 
1640 537 535 1048 
1641 673 674 675 
1642 668 706 1259 
1643 669 672 782 
1644 54 4 181 
1645 16 55 179 
1646 974 973 975 
1647 469 471 1266 
1648 299 298 300 
1649 822 820 823 
1650 82 194 1104 
1651 26 27 1106 
1652 831 741 832 
1653 471 472 1254 
1654 87 88 1082 
1655 506 532 895 
1656 670 668 1259 
1657 651 644 1513 
1658 542 541 562 
1659 1086 825 1536 
1660 820 819 1236 
1661 373 314 1258 
1662 755 811 812 
1663 781 969 970 
1664 785 815 1246 
1665 784 826 827 
1666 140 930 1576 
1667 376 377 378 
1668 652 694 704 
1669 330 290 1234 
1670 1180 438 1292 
1671 564 503 1028 
1672 24 25 1117 
1673 299 300 301 
1674 782 672 783 
1675 828 829 1496 
1676 761 717 789 
1677 185 1050 1051 
1678 540 542 604 
1679 814 819 820 
1680 900 985 1596 
1681 181 768 769 
1682 768 766 772 
1683 257 308 309 
1684 308 179 1118 
1685 403 502 878 
1686 159 209 1274 
1687 252 253 254 
1688 817 818 1346 
1689 823 820 1236 
1690 664 662 665 
1691 784 783 785 
1692 1048 331 1345 
1693 257 340 1075 
1694 773 766 1076 
1695 463 1370 1482 
1696 727 792 1273 
1697 1208 1168 1292 
1698 438 1194 1292 
1699 873 874 1518 
1700 188 1082 1541 
1701 1053 1050 1278 
1702 297 298 299 
1703 540 539 541 
1704 577 579 1041 
1705 117 118 1295 
1706 225 149 1080 
1707 86 87 188 
1708 85 86 1245 
1709 560 405 938 
1710 569 557 570 
1711 669 670 672 
1712 781 780 968 
1713 176 1383 1553 
1714 640 642 643 
1715 668 667 706 
1716 533 507 987 
1717 239 1018 1585 
1718 297 296 298 
1719 782 783 784 
1720 538 537 539 
1721 666 665 667 
1722 1524 1023 1549 
1723 549 550 1265 
1724 666 668 669 
1725 822 823 886 
1726 20 21 213 
1727 305 311 328 
1728 544 1081 1546 
1729 977 978 979 
1730 266 269 306 
1731 194 83 1233 
1732 674 670 1259 
1733 669 782 1264 
1734 685 683 686 
1735 781 970 1267 
1736 1384 1231 1551 
1737 318 366 376 
1738 1350 1536 1598 
1739 822 886 887 
1740 378 377 405 
1741 970 969 971 
1742 911 1103 1241 
1743 952 1108 1542 
1744 730 780 781 
1745 1046 641 1262 
1746 398 389 1297 
1747 21 22 1251 
1748 264 266 1242 
1749 979 981 1244 
1750 389 384 531 
1751 765 764 810 
1752 784 827 1268 
1753 315 317 318 
1754 485 469 1266 
1755 1038 186 1376 
1756 971 969 972 
1757 538 539 540 
1758 798 807 1307 
1759 669 668 670 
1760 386 339 387 
1761 861 1304 1446 
1762 177 1091 1092 
1763 540 541 542 
1764 318 317 319 
1765 977 975 978 
1766 604 542 867 
1767 802 801 1018 
1768 1009 607 1541 
1769 813 812 814 
1770 718 719 737 
1771 971 972 973 
1772 505 404 866 
1773 1017 676 1378 
1774 973 972 1002 
1775 1436 707 1460 
1776 48 49 182 
1777 60 61 180 
1778 759 728 1298 
1779 814 820 821 
1780 666 667 668 
1781 536 537 538 
1782 715 700 716 
1783 941 942 943 
1784 377 366 379 
1785 827 826 940 
1786 821 820 822 
1787 689 687 690 
1788 338 325 339 
1789 375 362 1331 
1790 536 535 537 
1791 80 230 1114 
1792 784 785 826 
1793 979 980 981 
1794 1072 334 1341 
1795 790 791 986 
1796 613 623 875 
1797 781 968 969 
1798 75 226 1276 
1799 1176 799 1423 
1800 664 665 666 
1801 698 691 700 
1802 51 52 202 
1803 57 58 203 
1804 1082 1009 1541 
1805 23 193 1083 
1806 1309 922 1315 
1807 2 19 237 
1808 295 296 297 
1809 205 154 1263 
1810 402 398 586 
1811 707 630 1451 
1812 687 686 1247 
1813 661 663 695 
1814 621 619 834 
1815 1050 1049 1278 
1816 534 535 536 
1817 660 659 696 
1818 755 812 813 
1819 1191 603 1440 
1820 610 611 612 
1821 826 785 1246 
1822 1057 1053 1278 
1823 618 593 619 
1824 970 1252 1312 
1825 382 375 835 
1826 1130 203 1324 
1827 559 594 1008 
1828 1022 1300 1549 
1829 534 533 535 
1830 751 750 801 
1831 726 725 744 
1832 623 615 836 
1833 761 789 790 
1834 151 152 1335 
1835 941 940 942 
1836 195 28 1097 
1837 893 1400 1449 
1838 938 405 939 
1839 144 145 1362 
1840 929 127 1586 
1841 658 657 659 
1842 113 201 1352 
1843 84 233 1233 
1844 502 506 1256 
1845 599 601 1010 
1846 1269 587 1303 
1847 506 895 1256 
1848 177 137 1091 
1849 879 1375 1379 
1850 224 997 1483 
1851 295 294 296 
1852 791 789 1348 
1853 1088 765 1437 
1854 974 976 1357 
1855 232 1106 1107 
1856 957 859 1310 
1857 592 593 618 
1858 297 331 1320 
1859 917 922 1321 
1860 1130 919 1321 
1861 206 157 1280 
1862 1372 881 1448 
1863 262 264 380 
1864 254 255 256 
1865 318 319 366 
1866 245 248 1371 
1867 984 912 1459 
1868 979 978 980 
1869 1068 1064 1317 
1870 292 294 295 
1871 702 1026 1343 
1872 532 533 534 
1873 116 196 1336 
1874 704 705 718 
1875 1259 706 1267 
1876 22 1083 1251 
1877 706 730 1267 
1878 1085 753 1313 
1879 741 716 1273 
1880 712 699 1079 
1881 798 1307 1381 
1882 376 366 377 
1883 318 376 1269 
1884 1236 195 1567 
1885 1194 1208 1292 
1886 1335 152 1455 
1887 656 655 657 
1888 752 721 1580 
1889 663 662 664 
1890 293 361 1109 
1891 594 552 854 
1892 6 89 212 
1893 551 552 559 
1894 232 26 1106 
1895 878 1038 1376 
1896 1387 929 1586 
1897 340 558 1075 
1898 892 773 1076 
1899 73 74 1492 
1900 690 687 1247 
1901 730 781 1267 
1902 663 664 702 
1903 327 295 1320 
1904 380 264 1242 
1905 803 732 804 
1906 788 846 863 
1907 590 591 592 
1908 664 666 1264 
1909 338 386 551 
1910 290 291 292 
1911 319 321 1271 
1912 531 1101 1330 
1913 298 296 1275 
1914 292 291 294 
1915 792 787 912 
1916 1049 234 1278 
1917 778 992 1314 
1918 100 9 217 
1919 658 659 660 
1920 658 660 661 
1921 1036 942 1490 
1922 832 741 1273 
1923 782 784 1268 
1924 643 644 646 
1925 14 167 216 
1926 1241 1103 1338 
1927 532 507 533 
1928 1059 1057 1311 
1929 379 366 1271 
1930 233 85 1245 
1931 118 223 1295 
1932 733 721 735 
1933 666 669 1264 
1934 296 294 365 
1935 534 588 1327 
1936 256 258 259 
1937 267 1084 1467 
1938 1373 1165 1564 
1939 1164 1211 1564 
1940 889 955 1575 
1941 290 292 1234 
1942 646 647 697 
1943 863 846 1362 
1944 259 260 261 
1945 911 570 1102 
1946 313 315 1269 
1947 506 507 532 
1948 937 1470 1574 
1949 562 541 1333 
1950 315 318 1269 
1951 193 24 1117 
1952 987 507 1293 
1953 700 691 1294 
1954 1443 651 1513 
1955 338 339 386 
1956 930 183 931 
1957 691 690 1294 
1958 716 700 717 
1959 72 207 1281 
1960 109 110 1306 
1961 331 299 1345 
1962 1454 1460 1544 
1963 638 636 1237 
1964 720 733 757 
1965 89 90 1291 
1966 653 650 654 
1967 625 624 626 
1968 702 664 1264 
1969 661 662 663 
1970 323 325 338 
1971 209 986 1545 
1972 976 977 1365 
1973 661 660 662 
1974 377 379 1272 
1975 387 406 407 
1976 249 251 252 
1977 328 311 1303 
1978 545 959 1516 
1979 1042 1043 1466 
1980 877 67 1001 
1981 188 87 1082 
1982 1317 1063 1318 
1983 656 657 658 
1984 145 146 1498 
1985 807 845 1307 
1986 559 552 594 
1987 385 397 530 
1988 1119 835 1444 
1989 551 386 552 
1990 789 717 1294 
1991 613 612 615 
1992 697 647 1250 
1993 613 615 623 
1994 959 545 1486 
1995 506 505 507 
1996 654 655 656 
1997 1071 1433 1595 
1998 720 697 721 
1999 665 662 1296 
2000 334 303 1341 
2001 1100 1101 1119 
2002 895 532 1327 
2003 572 573 590 
2004 676 677 1378 
2005 195 1097 1567 
2006 301 334 1345 
2007 405 377 1272 
2008 1267 970 1312 
2009 293 360 361 
2010 86 188 1245 
2011 562 1392 1416 
2012 586 398 1297 
2013 924 1439 1488 
2014 656 658 1279 
2015 1057 1278 1311 
2016 505 866 1293 
2017 939 405 1272 
2018 661 695 1279 
2019 753 755 1313 
2020 502 505 506 
2021 1259 1267 1312 
2022 366 319 1271 
2023 181 4 766 
2024 16 179 257 
2025 290 289 291 
2026 311 313 1303 
2027 716 717 727 
2028 943 942 1036 
2029 1005 224 1517 
2030 727 761 787 
2031 1278 234 1311 
2032 727 717 761 
2033 1516 959 1590 
2034 733 735 736 
2035 90 91 236 
2036 1240 617 1395 
2037 463 462 1370 
2038 1122 1231 1384 
2039 1193 479 1360 
2040 361 362 363 
2041 177 1092 1322 
2042 270 1047 1448 
2043 1312 1252 1328 
2044 403 404 502 
2045 1318 1193 1360 
2046 660 696 1296 
2047 539 537 1339 
2048 1008 204 1401 
2049 1103 263 1338 
2050 166 14 1305 
2051 363 371 372 
2052 1059 1311 1322 
2053 720 721 733 
2054 562 1333 1392 
2055 1096 813 1377 
2056 19 20 1329 
2057 502 404 505 
2058 329 1102 1319 
2059 609 608 610 
2060 321 323 1299 
2061 313 1269 1303 
2062 996 293 1109 
2063 237 1239 1550 
2064 716 727 1273 
2065 213 21 1251 
2066 640 643 1262 
2067 678 675 1328 
2068 540 604 1353 
2069 228 129 1070 
2070 305 328 1341 
2071 1422 1176 1423 
2072 1307 202 1381 
2073 875 1023 1524 
2074 288 289 290 
2075 403 402 404 
2076 399 402 403 
2077 156 206 1572 
2078 769 1120 1316 
2079 289 287 335 
2080 610 612 613 
2081 761 790 1282 
2082 956 671 1380 
2083 1120 796 1381 
2084 1242 306 1330 
2085 892 1384 1551 
2086 724 898 1503 
2087 56 57 1309 
2088 758 728 759 
2089 606 608 609 
2090 717 700 1294 
2091 1019 1243 1597 
2092 588 536 1361 
2093 296 365 1275 
2094 1271 321 1299 
2095 737 739 760 
2096 678 1328 1357 
2097 578 576 1402 
2098 1100 380 1101 
2099 1403 184 1502 
2100 1064 1063 1317 
2101 601 606 1300 
2102 535 533 1325 
2103 181 766 768 
2104 257 179 308 
2105 180 1032 1439 
2106 212 1009 1584 
2107 674 1259 1312 
2108 592 591 593 
2109 755 813 1313 
2110 338 551 1299 
2111 1043 1042 1387 
2112 399 398 402 
2113 1342 180 1439 
2114 765 1089 1090 
2115 658 661 1279 
2116 378 560 1416 
2117 1139 1140 1462 
2118 872 1281 1340 
2119 381 383 617 
2120 682 679 1363 
2121 224 1282 1517 
2122 662 660 1296 
2123 227 34 1490 
2124 1239 237 1329 
2125 1003 594 1540 
2126 1370 989 1482 
2127 997 912 1483 
2128 115 116 1336 
2129 386 387 1302 
2130 153 205 1455 
2131 234 1093 1311 
2132 268 265 329 
2133 232 1107 1382 
2134 41 3 1391 
2135 507 505 1293 
2136 261 260 262 
2137 1398 283 1495 
2138 397 398 399 
2139 732 712 1301 
2140 1047 307 1368 
2141 560 1413 1416 
2142 57 203 1309 
2143 804 732 1301 
2144 1263 155 1572 
2145 854 552 1302 
2146 919 917 1321 
2147 810 833 1436 
2148 271 261 1099 
2149 585 543 1447 
2150 1311 1093 1322 
2151 973 1002 1351 
2152 323 338 1299 
2153 978 975 1351 
2154 713 728 748 
2155 53 54 1316 
2156 55 56 1315 
2157 764 745 1367 
2158 787 761 1282 
2159 226 1035 1600 
2160 590 573 591 
2161 165 166 1006 
2162 138 229 1091 
2163 884 1403 1502 
2164 1023 875 1546 
2165 101 102 1332 
2166 641 640 1262 
2167 1275 365 1581 
2168 1010 601 1300 
2169 835 375 1331 
2170 181 769 1316 
2171 1118 179 1315 
2172 614 864 1356 
2173 397 389 398 
2174 649 641 650 
2175 98 210 1578 
2176 618 620 1562 
2177 605 600 1509 
2178 192 144 1362 
2179 653 701 713 
2180 1383 1384 1553 
2181 564 1397 1405 
2182 20 213 1329 
2183 269 287 288 
2184 1100 1119 1444 
2185 387 407 1302 
2186 813 814 1377 
2187 674 1312 1328 
2188 1375 862 1379 
2189 712 1079 1301 
2190 570 571 572 
2191 1440 910 1603 
2192 1357 976 1363 
2193 1408 867 1413 
2194 999 1314 1571 
2195 639 638 640 
2196 1041 1042 1466 
2197 683 682 1389 
2198 983 1335 1455 
2199 1349 112 1352 
2200 288 287 289 
2201 928 869 1565 
2202 811 1037 1382 
2203 259 258 260 
2204 563 564 1405 
2205 385 389 397 
2206 203 58 1324 
2207 622 928 1581 
2208 295 297 1320 
2209 591 573 872 
2210 212 89 1291 
2211 1138 1419 1420 
2212 906 985 1419 
2213 720 757 1359 
2214 368 310 1519 
2215 1093 177 1322 
2216 649 650 653 
2217 725 709 1366 
2218 111 112 1349 
2219 663 702 1343 
2220 1078 808 1424 
2221 189 624 625 
2222 261 262 1099 
2223 654 656 1308 
2224 606 609 1300 
2225 60 180 1342 
2226 551 559 1364 
2227 653 654 701 
2228 385 384 389 
2229 675 674 1328 
2230 1075 558 1383 
2231 1083 193 1334 
2232 1071 857 1433 
2233 541 1072 1333 
2234 58 59 1324 
2235 198 151 1335 
2236 934 933 990 
2237 1276 226 1539 
2238 758 759 953 
2239 646 697 720 
2240 533 987 1325 
2241 532 534 1327 
2242 213 1251 1314 
2243 112 113 1352 
2244 1249 821 1406 
2245 579 580 1045 
2246 408 881 1372 
2247 928 1275 1581 
2248 1014 946 1489 
2249 639 640 641 
2250 965 964 1374 
2251 552 386 1302 
2252 1165 1164 1564 
2253 818 890 1346 
2254 47 48 1030 
2255 748 728 758 
2256 281 285 1527 
2257 1246 1074 1435 
2258 1539 226 1600 
2259 713 701 728 
2260 1140 595 1458 
2261 596 1216 1458 
2262 202 52 1355 
2263 303 305 1341 
2264 555 556 557 
2265 537 1048 1339 
2266 572 571 573 
2267 56 1309 1315 
2268 1290 763 1587 
2269 304 1108 1519 
2270 383 384 385 
2271 266 268 269 
2272 995 218 1442 
2273 14 216 1305 
2274 256 255 258 
2275 17 18 1323 
2276 951 1114 1397 
2277 880 1237 1543 
2278 695 663 1343 
2279 59 60 1342 
2280 1298 701 1308 
2281 204 1098 1401 
2282 1328 1252 1357 
2283 299 301 1345 
2284 926 1260 1261 
2285 821 822 1406 
2286 1036 208 1499 
2287 254 253 255 
2288 54 181 1316 
2289 179 55 1315 
2290 925 1342 1439 
2291 90 236 1291 
2292 890 963 1526 
2293 637 636 638 
2294 269 268 287 
2295 248 247 249 
2296 61 62 1031 
2297 1101 380 1242 
2298 1460 1451 1544 
2299 635 634 636 
2300 471 1254 1515 
2301 1294 690 1348 
2302 631 630 632 
2303 975 973 1351 
2304 633 632 634 
2305 1364 559 1394 
2306 985 1181 1596 
2307 264 265 266 
2308 570 572 1102 
2309 565 1337 1372 
2310 1153 1152 1538 
2311 218 97 1326 
2312 639 641 649 
2313 383 382 384 
2314 221 1248 1354 
2315 886 823 1350 
2316 886 1350 1598 
2317 561 1029 1390 
2318 1307 845 1399 
2319 1316 1120 1355 
2320 656 1279 1308 
2321 948 952 1542 
2322 1029 563 1407 
2323 187 1418 1498 
2324 690 1247 1348 
2325 1385 1092 1386 
2326 1337 565 1510 
2327 1216 1187 1495 
2328 701 654 1308 
2329 744 800 858 
2330 777 767 1547 
2331 262 260 263 
2332 538 540 1353 
2333 977 982 1365 
2334 1297 531 1330 
2335 867 542 1413 
2336 275 273 277 
2337 1082 88 1584 
2338 980 978 1528 
2339 924 925 1439 
2340 1271 1299 1364 
2341 839 1179 1404 
2342 1179 1168 1404 
2343 709 693 1366 
2344 52 53 1355 
2345 580 578 581 
2346 1422 900 1596 
2347 1176 1422 1596 
2348 1281 207 1340 
2349 1043 1068 1548 
2350 565 510 1510 
2351 710 1304 1471 
2352 538 1353 1361 
2353 293 278 360 
2354 266 265 268 
2355 267 1241 1468 
2356 1246 815 1477 
2357 570 557 571 
2358 466 1142 1514 
2359 1252 974 1357 
2360 559 1008 1394 
2361 627 626 628 
2362 18 2 1238 
2363 1324 59 1342 
2364 718 737 738 
2365 1318 1063 1521 
2366 53 1316 1355 
2367 262 263 264 
2368 381 382 383 
2369 679 678 1363 
2370 51 202 1399 
2371 536 538 1361 
2372 600 598 1475 
2373 1018 239 1379 
2374 789 1294 1348 
2375 369 300 1591 
2376 613 875 1524 
2377 834 619 1432 
2378 1274 209 1545 
2379 381 375 382 
2380 969 968 1493 
2381 1326 98 1578 
2382 1470 935 1574 
2383 462 466 1370 
2384 1434 933 1496 
2385 671 1110 1380 
2386 1399 845 1427 
2387 1009 1082 1584 
2388 186 1021 1376 
2389 583 884 1502 
2390 1299 551 1364 
2391 182 1427 1472 
2392 546 554 555 
2393 1011 217 1464 
2394 801 750 1248 
2395 241 1006 1459 
2396 485 1266 1535 
2397 1358 1100 1444 
2398 1024 788 1418 
2399 677 680 1378 
2400 264 263 265 
2401 260 258 1338 
2402 243 1257 1501 
2403 1042 579 1045 
2404 1280 980 1528 
2405 833 764 1367 
2406 629 628 630 
2407 637 638 639 
2408 1006 166 1305 
2409 940 826 1435 
2410 237 19 1329 
2411 1371 1095 1488 
2412 1250 1015 1580 
2413 252 251 253 
2414 306 1253 1497 
2415 479 1160 1431 
2416 182 49 1427 
2417 1304 734 1471 
2418 173 1 1563 
2419 635 636 637 
2420 800 725 1366 
2421 898 1285 1286 
2422 633 635 648 
2423 291 289 1400 
2424 598 561 1425 
2425 361 360 362 
2426 326 1023 1546 
2427 379 1364 1394 
2428 1117 232 1382 
2429 363 362 371 
2430 633 634 635 
2431 573 571 1426 
2432 839 1404 1500 
2433 574 565 1372 
2434 1237 645 1543 
2435 982 1244 1410 
2436 631 632 633 
2437 385 530 1525 
2438 379 1271 1364 
2439 580 582 583 
2440 291 1400 1552 
2441 744 725 800 
2442 1241 1338 1468 
2443 682 1365 1389 
2444 1150 1192 1511 
2445 1192 597 1511 
2446 371 375 381 
2447 245 246 247 
2448 1305 984 1459 
2449 1374 1557 1589 
2450 593 591 1340 
2451 796 798 1381 
2452 1380 757 1494 
2453 745 744 1367 
2454 621 834 1539 
2455 558 1122 1383 
2456 814 821 1377 
2457 202 1307 1399 
2458 965 1374 1589 
2459 371 362 375 
2460 242 173 1563 
2461 1189 1149 1388 
2462 1020 1019 1597 
2463 6 212 1584 
2464 858 800 880 
2465 1386 935 1470 
2466 1106 195 1478 
2467 2 237 1238 
2468 1282 224 1483 
2469 591 872 1340 
2470 1098 939 1401 
2471 1262 643 1359 
2472 678 1357 1363 
2473 1421 900 1422 
2474 1101 1242 1330 
2475 175 16 1554 
2476 1433 740 1583 
2477 1392 587 1416 
2478 555 554 556 
2479 563 1405 1407 
2480 1330 306 1497 
2481 298 1275 1591 
2482 1437 810 1438 
2483 16 1075 1554 
2484 646 720 1359 
2485 885 1283 1531 
2486 271 1099 1358 
2487 801 1248 1585 
2488 644 642 1513 
2489 585 1011 1464 
2490 629 630 631 
2491 255 253 267 
2492 580 581 582 
2493 1500 1404 1507 
2494 190 64 958 
2495 1243 617 1525 
2496 572 590 1480 
2497 1310 637 1592 
2498 625 626 627 
2499 744 858 1367 
2500 214 66 877 
2501 1275 928 1591 
2502 215 897 1375 
2503 1347 873 1518 
2504 1143 1058 1487 
2505 643 646 1359 
2506 365 294 1552 
2507 834 1276 1539 
2508 790 986 1517 
2509 1241 267 1467 
2510 943 1036 1499 
2511 1322 1092 1385 
2512 896 189 1476 
2513 1248 850 1585 
2514 686 683 1389 
2515 1250 704 1450 
2516 862 802 1018 
2517 194 1233 1390 
2518 1356 1481 1529 
2519 1481 994 1529 
2520 891 892 1551 
2521 757 733 1494 
2522 1187 1188 1398 
2523 1090 847 1582 
2524 560 1408 1413 
2525 195 1236 1478 
2526 615 612 1560 
2527 738 1015 1450 
2528 950 951 1474 
2529 609 610 1524 
2530 760 828 1429 
2531 217 9 1479 
2532 1397 230 1405 
2533 810 764 833 
2534 1090 1582 1587 
2535 1439 1032 1488 
2536 986 1530 1545 
2537 819 1107 1478 
2538 847 774 1568 
2539 328 1303 1392 
2540 273 271 1358 
2541 1366 651 1443 
2542 1350 823 1567 
2543 1 17 1563 
2544 1360 479 1431 
2545 957 1310 1592 
2546 1334 999 1571 
2547 214 1516 1590 
2548 986 791 1530 
2549 912 787 1483 
2550 1331 360 1415 
2551 42 879 1391 
2552 627 628 629 
2553 1168 1167 1404 
2554 1413 562 1416 
2555 230 1104 1405 
2556 546 545 553 
2557 1114 230 1397 
2558 791 1348 1445 
2559 847 1568 1582 
2560 263 260 1338 
2561 50 51 1399 
2562 1423 799 1484 
2563 183 141 840 
2564 1272 379 1394 
2565 1410 1244 1445 
2566 1000 913 1559 
2567 892 1076 1553 
2568 951 1397 1474 
2569 697 1250 1580 
2570 194 1390 1407 
2571 1083 1334 1571 
2572 1254 484 1521 
2573 746 1421 1422 
2574 277 1358 1444 
2575 1059 1322 1385 
2576 546 553 554 
2577 583 582 883 
2578 1032 1371 1488 
2579 834 1432 1492 
2580 554 553 927 
2581 1104 194 1407 
2582 1074 227 1435 
2583 875 623 1601 
2584 1059 1385 1430 
2585 822 887 1406 
2586 579 578 580 
2587 1344 935 1386 
2588 587 378 1416 
2589 808 817 1424 
2590 1397 564 1474 
2591 590 592 1449 
2592 952 950 1520 
2593 1368 307 1369 
2594 589 1109 1465 
2595 213 1314 1556 
2596 1062 1254 1521 
2597 560 938 1408 
2598 1389 982 1410 
2599 1430 1385 1470 
2600 1303 587 1392 
2601 1138 906 1419 
2602 946 192 1489 
2603 629 631 710 
2604 1359 757 1456 
2605 542 562 1413 
2606 861 862 1473 
2607 583 883 884 
2608 94 243 1501 
2609 236 91 1555 
2610 686 1389 1410 
2611 837 838 1433 
2612 48 182 1030 
2613 1297 1330 1497 
2614 289 335 1400 
2615 482 577 1160 
2616 407 1523 1589 
2617 511 565 574 
2618 926 1261 1337 
2619 1405 1104 1407 
2620 884 883 885 
2621 101 1332 1479 
2622 1373 1564 1595 
2623 1058 1059 1430 
2624 989 990 1482 
2625 1388 1149 1511 
2626 222 1003 1540 
2627 277 273 1358 
2628 18 1238 1323 
2629 1390 1233 1425 
2630 600 1475 1509 
2631 1028 368 1520 
2632 856 1027 1537 
2633 1333 328 1392 
2634 1247 686 1410 
2635 275 277 1415 
2636 407 406 1523 
2637 1105 837 1583 
2638 1390 1029 1407 
2639 1301 779 1469 
2640 617 383 1525 
2641 1047 574 1448 
2642 1383 1122 1384 
2643 1045 583 1502 
2644 858 880 1543 
2645 337 250 545 
2646 92 1257 1555 
2647 598 1425 1475 
2648 543 853 1447 
2649 1233 233 1425 
2650 836 615 1442 
2651 278 275 1415 
2652 1400 893 1552 
2653 593 1340 1432 
2654 521 575 1158 
2655 152 153 1455 
2656 207 73 1492 
2657 245 190 246 
2658 619 593 1432 
2659 49 50 1427 
2660 1142 1143 1487 
2661 1030 182 1235 
2662 125 1403 1531 
2663 249 250 251 
2664 1365 982 1389 
2665 1314 1251 1571 
2666 637 1310 1579 
2667 637 639 1592 
2668 1427 845 1472 
2669 50 1399 1427 
2670 1404 1167 1507 
2671 231 1086 1536 
2672 1116 1055 1515 
2673 1075 1383 1554 
2674 365 1552 1562 
2675 146 187 1498 
2676 1247 1410 1445 
2677 391 1440 1603 
2678 1095 924 1488 
2679 826 1246 1435 
2680 337 545 546 
2681 1073 582 1570 
2682 1200 1027 1210 
2683 862 1018 1379 
2684 1034 225 1526 
2685 249 247 250 
2686 990 933 1434 
2687 607 605 1541 
2688 595 596 1458 
2689 553 545 1516 
2690 1260 1504 1559 
2691 1384 892 1553 
2692 561 1390 1425 
2693 360 278 1415 
2694 34 35 1490 
2695 872 573 1426 
2696 1107 1106 1478 
2697 602 1369 1452 
2698 584 526 1139 
2699 1031 244 1561 
2700 695 1343 1569 
2701 788 863 1418 
2702 884 885 1531 
2703 1428 828 1496 
2704 571 557 1577 
2705 967 965 1589 
2706 718 738 1450 
2707 845 843 1472 
2708 1536 825 1598 
2709 1055 1266 1515 
2710 1043 1387 1558 
2711 1314 992 1556 
2712 815 825 1477 
2713 1084 569 1467 
2714 804 1301 1469 
2715 829 1434 1496 
2716 1425 233 1475 
2717 1308 1279 1463 
2718 1261 1260 1559 
2719 913 1261 1559 
2720 1338 258 1468 
2721 633 648 1396 
2722 511 510 565 
2723 205 1263 1493 
2724 846 1014 1489 
2725 1236 819 1478 
2726 1340 207 1432 
2727 229 1344 1522 
2728 1152 463 1482 
2729 9 101 1479 
2730 1023 1022 1549 
2731 1383 176 1554 
2732 877 1001 1566 
2733 391 1191 1440 
2734 1013 1298 1463 
2735 564 1028 1474 
2736 126 184 1403 
2737 1529 995 1560 
2738 251 250 337 
2739 1262 1359 1456 
2740 854 1302 1557 
2741 950 1474 1520 
2742 1373 838 1507 
2743 545 250 1486 
2744 1015 1250 1450 
2745 1263 972 1493 
2746 1257 994 1481 
2747 1068 1317 1548 
2748 253 251 1393 
2749 1279 695 1463 
2750 1081 326 1546 
2751 233 1245 1475 
2752 1385 1386 1470 
2753 931 183 1428 
2754 704 718 1450 
2755 960 889 1575 
2756 1326 836 1442 
2757 972 969 1493 
2758 625 627 734 
2759 406 585 1523 
2760 267 253 1393 
2761 88 6 1584 
2762 1044 1466 1548 
2763 1466 1043 1548 
2764 510 508 1113 
2765 1046 1262 1456 
2766 310 304 1519 
2767 631 633 1396 
2768 218 1326 1442 
2769 853 544 1601 
2770 1530 981 1545 
2771 180 1031 1032 
2772 1298 1308 1463 
2773 1006 1305 1459 
2774 1167 1373 1507 
2775 1283 125 1531 
2776 1012 943 1499 
2777 1523 967 1589 
2778 246 190 958 
2779 1332 102 1533 
2780 165 1006 1532 
2781 1277 842 1409 
2782 1149 1150 1511 
2783 255 267 1468 
2784 1348 1247 1445 
2785 1369 616 1452 
2786 1266 471 1515 
2787 927 553 1457 
2788 1481 236 1555 
2789 810 1436 1438 
2790 738 737 1593 
2791 258 255 1468 
2792 155 156 1572 
2793 1063 1062 1521 
2794 482 494 576 
2795 992 1239 1556 
2796 1255 852 1594 
2797 733 736 1494 
2798 774 891 1568 
2799 871 948 1542 
2800 871 1542 1565 
2801 956 1380 1494 
2802 494 497 1402 
2803 1418 863 1498 
2804 620 622 1581 
2805 893 618 1562 
2806 787 1282 1483 
2807 869 871 1565 
2808 1356 236 1481 
2809 958 65 1590 
2810 825 816 1598 
2811 1143 485 1535 
2812 1078 1424 1604 
2813 1332 966 1479 
2814 635 637 1579 
2815 1374 854 1557 
2816 767 830 1547 
2817 1317 1044 1548 
2818 937 1430 1470 
2819 577 578 579 
2820 614 1529 1560 
2821 1287 899 1503 
2822 1231 777 1551 
2823 1018 801 1585 
2824 180 61 1031 
2825 842 806 844 
2826 897 1304 1473 
2827 1474 1028 1520 
2828 1475 1245 1509 
2829 868 621 1539 
2830 521 522 548 
2831 597 1192 1573 
2832 1192 1191 1573 
2833 721 697 1580 
2834 1402 575 1411 
2835 962 1491 1550 
2836 830 1137 1582 
2837 1582 1137 1587 
2838 1137 1290 1587 
2839 183 840 1428 
2840 522 524 1417 
2841 1245 188 1509 
2842 1181 1176 1596 
2843 1386 1092 1522 
2844 870 868 1600 
2845 610 613 1524 
2846 206 1280 1528 
2847 856 1434 1599 
2848 1244 981 1530 
2849 710 631 1396 
2850 1568 830 1582 
2851 1323 242 1563 
2852 524 526 547 
2853 880 800 1443 
2854 603 616 1440 
2855 868 1539 1600 
2856 586 1297 1497 
2857 300 298 1591 
2858 251 337 1393 
2859 246 958 959 
2860 176 175 1554 
2861 978 1351 1528 
2862 13 165 1532 
2863 102 10 1533 
2864 833 1367 1441 
2865 335 1319 1480 
2866 91 92 1555 
2867 931 1428 1496 
2868 214 877 1457 
2869 791 1445 1530 
2870 612 614 1560 
2871 1350 231 1536 
2872 225 1346 1526 
2873 806 797 1544 
2874 1282 790 1517 
2875 1058 1430 1487 
2876 1432 207 1492 
2877 383 385 1525 
2878 189 625 1476 
2879 707 1451 1460 
2880 823 1236 1567 
2881 294 291 1552 
2882 800 1366 1443 
2883 594 854 1540 
2884 1400 335 1449 
2885 856 1537 1538 
2886 1445 1244 1530 
2887 746 1422 1423 
2888 990 1434 1538 
2889 933 931 1496 
2890 1451 844 1544 
2891 581 1411 1412 
2892 824 1088 1437 
2893 1251 1083 1571 
2894 482 576 577 
2895 1367 858 1441 
2896 1092 1091 1522 
2897 1411 865 1412 
2898 1070 1069 1558 
2899 797 776 1454 
2900 629 710 1471 
2901 1152 990 1538 
2902 837 1433 1583 
2903 280 391 1603 
2904 1346 890 1526 
2905 1304 861 1473 
2906 836 1326 1578 
2907 710 1396 1446 
2908 250 247 1486 
2909 521 548 575 
2910 556 1347 1518 
2911 1329 213 1556 
2912 1434 829 1599 
2913 1504 1000 1559 
2914 758 953 1534 
2915 584 1139 1462 
2916 247 246 1486 
2917 1302 407 1557 
2918 639 649 1592 
2919 603 409 616 
2920 776 775 876 
2921 1387 228 1558 
2922 1375 897 1473 
2923 1286 1287 1503 
2924 409 395 1452 
2925 1140 285 1462 
2926 1370 466 1514 
2927 1300 609 1549 
2928 1187 1398 1495 
2929 1434 856 1538 
2930 747 1484 1506 
2931 395 393 602 
2932 547 526 584 
2933 1449 335 1480 
2934 1354 758 1534 
2935 627 629 1471 
2936 393 392 1461 
2937 1239 1329 1556 
2938 1351 206 1528 
2939 392 508 509 
2940 1430 937 1487 
2941 775 824 1453 
2942 923 1095 1505 
2943 557 556 1577 
2944 198 1335 1604 
2945 920 923 1504 
2946 852 1485 1594 
2947 17 1323 1563 
2948 959 958 1590 
2949 916 918 1260 
2950 1323 1238 1491 
2951 1552 893 1562 
2952 585 1464 1523 
2953 367 914 926 
2954 1091 229 1522 
2955 1112 504 1510 
2956 590 1449 1480 
2957 582 581 1570 
2958 228 1070 1558 
2959 242 1323 1491 
2960 876 1438 1460 
2961 614 1356 1529 
2962 648 635 1579 
2963 1238 237 1550 
2964 625 734 1476 
2965 1371 1032 1561 
2966 737 760 1593 
2967 899 1420 1421 
2968 1438 876 1453 
2969 989 934 990 
2970 1437 1438 1453 
2971 509 508 510 
2972 734 627 1471 
2973 246 959 1486 
2974 547 589 1588 
2975 865 548 1588 
2976 229 139 1576 
2977 128 228 1586 
2978 1211 1071 1564 
2979 214 1457 1516 
2980 1537 1153 1538 
2981 880 1443 1513 
2982 509 510 511 
2983 548 1417 1588 
2984 838 1500 1507 
2985 1464 967 1523 
2986 556 1518 1577 
2987 1491 1238 1550 
2988 1257 1481 1555 
2989 1403 884 1531 
2990 1417 547 1588 
2991 575 865 1411 
2992 589 1465 1588 
2993 860 1446 1602 
2994 576 494 1402 
2995 862 1375 1473 
2996 842 844 1409 
2997 581 1412 1570 
2998 1508 836 1578 
2999 1457 553 1516 
3000 1557 407 1589 
3001 1200 1153 1537 
3002 1433 838 1595 
3003 1424 198 1604 
3004 548 522 1417 
3005 891 1547 1568 
3006 524 547 1417 
3007 844 806 1544 
3008 1032 1031 1561 
3009 1396 648 1602 
3010 927 1457 1566 
3011 1564 1071 1595 
3012 1518 874 1577 
3013 1441 858 1543 
3014 645 1441 1543 
3015 210 1508 1578 
3016 1344 1386 1522 
3017 898 1286 1503 
3018 1446 1396 1602 
3019 797 1454 1544 
3020 1000 1504 1505 
3021 1547 830 1568 
3022 776 876 1454 
3023 824 1437 1453 
3024 838 1373 1595 
3025 1457 877 1566 
3026 616 409 1452 
3027 395 602 1452 
3028 1027 1200 1537 
3029 876 775 1453 
3030 602 393 1461 
3031 547 584 589 
3032 392 509 1461 
3033 1454 876 1460 
3034 1504 923 1505 
3035 577 576 578 
3036 575 548 865 
3037 504 367 926 
3038 575 497 1158 
3039 577 1041 1431 
3040 1160 577 1431 
3041 1500 747 1506 
3042 898 1284 1285 
3043 914 916 1260 
3044 918 920 1504 
3045 1210 1027 1211 
$EndElements
